tx_coord,receiver_0,receiver_1,receiver_2,receiver_3,receiver_4,receiver_5,receiver_6,receiver_7,receiver_8,class_label,best_tile_localization,best_Localization_value
"(17, 58)",-69.0,-65.0,-52.0,-76.0,-78.0,,,-58.0,-72.0,2948,"(10, 90)",-23.825353040893884
"(17, 58)",-66.0,-60.0,-57.0,,-77.0,,-39.0,-59.0,-75.0,2948,"(10, 68)",-19.359652970678574
"(17, 58)",,,,,,,,,-82.0,2948,"(14, 138)",-49.59865383217376
"(17, 58)",-66.0,-66.0,-61.0,-70.0,-80.0,,-55.0,-57.0,-78.0,2948,"(10, 68)",-22.8778010955453
"(17, 58)",-59.0,,,,-70.0,,-46.0,,-82.0,2948,"(10, 50)",-23.3974495543283
"(17, 58)",,-47.0,,,,-66.0,,,,2948,"(16, 18)",-31.15914038658161
"(17, 58)",-70.0,-59.0,,-61.0,,-74.0,-56.0,,,2948,"(14, 36)",-20.063769454405353
"(17, 58)",-75.0,-61.0,-63.0,-73.0,-73.0,,-48.0,-65.0,-78.0,2948,"(10, 68)",-25.040393457801787
"(17, 58)",-68.0,-67.0,-60.0,,-78.0,-69.0,-55.0,,-83.0,2948,"(10, 50)",-28.593160677362835
"(17, 58)",-70.0,-60.0,-60.0,-63.0,-78.0,-76.0,-52.0,-50.0,-73.0,2948,"(10, 68)",-19.507200543969038
"(17, 58)",,,-55.0,,-75.0,,-52.0,,-67.0,2948,"(10, 68)",-20.648137752096805
"(17, 58)",-67.0,-54.0,-69.0,,-69.0,-71.0,-44.0,-59.0,-78.0,2948,"(10, 50)",-21.226298635928078
"(17, 58)",-63.0,-60.0,-61.0,,-73.0,-67.0,-45.0,-61.0,-71.0,2948,"(10, 50)",-18.509999365055723
"(17, 58)",-64.0,-49.0,,,,-74.0,-41.0,-62.0,,2948,"(10, 50)",-15.724285353318459
"(17, 58)",,,-61.0,,,,-58.0,-63.0,-80.0,2948,"(8, 87)",-28.621922210805945
"(17, 58)",,,-54.0,,-77.0,,-55.0,-55.0,-71.0,2948,"(8, 87)",-21.46804001180794
"(17, 58)",-57.0,-64.0,-63.0,-78.0,-77.0,-78.0,-50.0,,-85.0,2948,"(10, 50)",-28.55178822222313
"(17, 58)",,-58.0,-54.0,-72.0,,,-45.0,-63.0,,2948,"(10, 68)",-16.322516647014144
"(17, 58)",,-66.0,-59.0,-71.0,,,-48.0,-58.0,-71.0,2948,"(10, 68)",-19.94814366358872
"(17, 58)",-61.0,-60.0,-52.0,-69.0,,-73.0,-45.0,-71.0,-74.0,2948,"(10, 68)",-19.33705170642238
"(17, 58)",-67.0,-65.0,-71.0,,-74.0,-74.0,-43.0,,-78.0,2948,"(10, 50)",-29.178965392135627
"(17, 58)",-68.0,-54.0,-53.0,-66.0,,-74.0,-56.0,,-73.0,2948,"(14, 65)",-17.73659962365345
"(17, 58)",,-54.0,-63.0,-74.0,,,-49.0,-59.0,-76.0,2948,"(10, 68)",-20.046410309754812
"(17, 58)",-52.0,-50.0,-60.0,-77.0,-75.0,-70.0,-55.0,-67.0,-86.0,2948,"(14, 32)",-21.97601211653313
"(17, 58)",-61.0,-48.0,-64.0,-71.0,-74.0,-67.0,-44.0,-64.0,-81.0,2948,"(10, 50)",-19.6258105667132
"(17, 58)",-68.0,-57.0,,-65.0,,,-63.0,-52.0,-70.0,2948,"(7, 90)",-15.268113093502441
"(17, 58)",-67.0,-52.0,,,-81.0,-75.0,-45.0,,,2948,"(14, 32)",-27.285792386996267
"(17, 58)",-68.0,-58.0,-64.0,,-66.0,-61.0,-51.0,-61.0,-75.0,2948,"(10, 50)",-18.073238655969035
"(17, 58)",,-61.0,-60.0,-62.0,,,-61.0,-49.0,-74.0,2948,"(10, 92)",-19.15371658888386
"(17, 58)",-72.0,-57.0,,-67.0,-73.0,,-52.0,-66.0,,2948,"(10, 50)",-19.597189897057426
"(17, 58)",-72.0,-60.0,-62.0,-57.0,-81.0,-71.0,,-53.0,-71.0,2948,"(10, 92)",-19.74827903211965
"(17, 58)",-60.0,-60.0,-67.0,-71.0,-65.0,-63.0,-45.0,-66.0,,2948,"(10, 50)",-17.398159414828143
"(17, 58)",,,-60.0,-74.0,,-66.0,-51.0,,,2948,"(10, 68)",-23.149051118562628
"(17, 58)",-71.0,-66.0,,,-81.0,,-58.0,-53.0,,2948,"(10, 46)",-22.71397663513034
"(17, 58)",,,,-69.0,-75.0,,-58.0,-64.0,,2948,"(6, 73)",-23.171791503272278
"(17, 58)",-64.0,-56.0,-59.0,-72.0,-80.0,,-47.0,-64.0,,2948,"(13, 66)",-19.216377011612476
"(17, 58)",-69.0,-54.0,,,-68.0,-72.0,-41.0,,-79.0,2948,"(10, 50)",-24.067571846371344
"(17, 58)",,-53.0,-62.0,-73.0,,,-47.0,-61.0,-74.0,2948,"(10, 68)",-19.025841167979983
"(17, 58)",-76.0,-55.0,-59.0,,-82.0,-77.0,-42.0,,-69.0,2948,"(10, 50)",-26.42669862174885
"(17, 58)",,,,-77.0,-78.0,,-42.0,-71.0,-77.0,2948,"(6, 68)",-33.45511515824542
"(17, 58)",-70.0,-65.0,,-75.0,,-78.0,-41.0,-56.0,,2948,"(10, 50)",-23.511457264138066
"(17, 58)",-71.0,-63.0,-54.0,-60.0,-81.0,-71.0,-52.0,-52.0,-75.0,2948,"(10, 68)",-19.22745741340648
"(17, 58)",-64.0,,-52.0,-70.0,,-75.0,-54.0,-54.0,-70.0,2948,"(8, 87)",-18.75311300640219
"(17, 58)",,-63.0,-63.0,-71.0,-85.0,-73.0,-49.0,-61.0,-75.0,2948,"(10, 68)",-26.78768652582256
"(17, 58)",-63.0,-48.0,,-80.0,-68.0,-67.0,-47.0,-56.0,-77.0,2948,"(14, 32)",-18.294981049709122
"(17, 58)",,-57.0,-70.0,,-77.0,-70.0,-55.0,-56.0,-79.0,2948,"(10, 50)",-23.952683205030635
"(17, 58)",-64.0,-57.0,-67.0,-77.0,-72.0,-77.0,-47.0,-65.0,-82.0,2948,"(10, 50)",-25.725756170253355
"(17, 58)",-72.0,-58.0,-56.0,,,,-40.0,-63.0,,2948,"(13, 66)",-16.407899609292365
"(17, 58)",,-49.0,-57.0,,-69.0,,-45.0,-62.0,,2948,"(13, 66)",-11.20360348571646
"(17, 58)",,,-61.0,-69.0,,,-49.0,-62.0,-78.0,2948,"(10, 68)",-24.485218169198703
"(17, 58)",-63.0,-53.0,-68.0,-76.0,-80.0,-69.0,-46.0,-61.0,-80.0,2948,"(10, 50)",-23.657464505138947
"(17, 58)",,,-67.0,-73.0,-67.0,,-57.0,-57.0,-76.0,2948,"(6, 90)",-24.437751461197102
"(17, 58)",-75.0,-68.0,,,-86.0,,-45.0,,-72.0,2948,"(10, 50)",-33.529985039355786
"(17, 58)",,-55.0,-54.0,-70.0,,-71.0,-51.0,-57.0,,2948,"(10, 69)",-15.113454499411155
"(17, 58)",-68.0,-61.0,-58.0,-66.0,-86.0,,-51.0,-61.0,-75.0,2948,"(10, 68)",-22.36325723255178
"(17, 58)",-55.0,-49.0,-58.0,-75.0,-72.0,,-49.0,-63.0,-77.0,2948,"(13, 66)",-15.69090981469125
"(17, 58)",-71.0,-59.0,,,,-72.0,-42.0,-60.0,-77.0,2948,"(10, 50)",-22.64661343190639
"(17, 58)",-72.0,,-54.0,-75.0,,-69.0,-56.0,-63.0,-74.0,2948,"(9, 78)",-24.28772268895314
"(17, 58)",,-55.0,,-78.0,-75.0,-64.0,-44.0,-61.0,-70.0,2948,"(10, 50)",-20.39142122310133
"(17, 58)",,-65.0,-58.0,,,,-55.0,,-76.0,2948,"(10, 68)",-23.479565605168418
"(17, 58)",-60.0,-56.0,-59.0,-75.0,-64.0,-67.0,-58.0,-65.0,-81.0,2948,"(11, 45)",-19.448480709604432
"(17, 58)",-60.0,-53.0,,,-73.0,-60.0,-53.0,,-78.0,2948,"(12, 30)",-22.173624909674473
"(17, 58)",-66.0,-62.0,-57.0,,-80.0,,-39.0,,-74.0,2948,"(13, 52)",-22.697406422767642
"(17, 58)",-67.0,-54.0,-60.0,,-67.0,-70.0,-46.0,-65.0,-76.0,2948,"(10, 50)",-19.49227165931558
"(17, 58)",-66.0,-57.0,-66.0,-79.0,-67.0,-65.0,-53.0,-65.0,-75.0,2948,"(10, 50)",-21.54545459489682
"(17, 58)",,-65.0,-61.0,-61.0,-72.0,,-51.0,-56.0,-76.0,2948,"(10, 68)",-18.519666478655843
"(17, 58)",-74.0,-54.0,-56.0,-76.0,-74.0,,-39.0,-58.0,-72.0,2948,"(10, 68)",-19.917995677565035
"(17, 58)",-61.0,,-68.0,-73.0,-71.0,,-56.0,,-77.0,2948,"(10, 68)",-23.49332455953517
"(17, 58)",,-61.0,-62.0,-70.0,,,-56.0,,-81.0,2948,"(10, 68)",-24.715028442072118
"(17, 58)",-63.0,-57.0,-63.0,,-75.0,-73.0,-45.0,-61.0,-79.0,2948,"(10, 50)",-22.190985322876973
"(17, 58)",-64.0,-56.0,,-70.0,-82.0,-74.0,,-52.0,,2948,"(14, 32)",-21.426260641114656
"(17, 58)",,,-51.0,-70.0,-77.0,,-54.0,,-74.0,2948,"(11, 76)",-25.040239241352907
"(17, 58)",-52.0,-47.0,,-74.0,-70.0,-69.0,,,,2948,"(16, 14)",-25.24841666795343
"(17, 58)",,-58.0,-61.0,,-81.0,-68.0,-52.0,-60.0,-75.0,2948,"(10, 68)",-22.726434665008572
"(17, 58)",,,-56.0,-68.0,,,-56.0,,-72.0,2948,"(10, 90)",-22.546944872339793
"(17, 58)",-63.0,-64.0,,,-65.0,,-53.0,,,2948,"(13, 15)",-20.850861195946678
"(17, 58)",-68.0,-59.0,-71.0,,-65.0,-66.0,-48.0,,-73.0,2948,"(10, 50)",-21.973704369870134
"(17, 58)",-54.0,-48.0,-58.0,,-74.0,,-57.0,-67.0,-83.0,2948,"(14, 32)",-18.337233420826887
"(17, 58)",-64.0,-56.0,-50.0,,-77.0,-74.0,-49.0,-57.0,-69.0,2948,"(13, 66)",-16.524228179530674
"(17, 58)",-65.0,,,-76.0,,-68.0,-46.0,,,2948,"(10, 50)",-23.978829610770003
"(17, 58)",,,-54.0,-77.0,,-69.0,-63.0,-57.0,-75.0,2948,"(10, 90)",-26.953927208580218
"(17, 58)",,,-62.0,-78.0,-76.0,-69.0,-41.0,-68.0,-74.0,2948,"(10, 68)",-28.403775866620155
"(17, 58)",,-59.0,-69.0,-79.0,,-64.0,,-86.0,-72.0,2948,"(12, 70)",-28.949649293769852
"(17, 58)",-65.0,-52.0,,-78.0,-65.0,-72.0,-49.0,-67.0,,2948,"(14, 32)",-20.8453589042434
"(17, 58)",,,-58.0,-64.0,,-66.0,-56.0,-57.0,-75.0,2948,"(9, 90)",-20.27616202489992
"(17, 58)",-58.0,-61.0,-68.0,-79.0,-68.0,-64.0,,-64.0,-79.0,2948,"(12, 31)",-22.818024448824232
"(17, 58)",,,-62.0,,,,,-67.0,,2948,"(10, 90)",-32.16533006770364
"(17, 58)",-55.0,-54.0,-60.0,,,-72.0,-50.0,-68.0,,2948,"(10, 50)",-15.2762280561851
"(17, 58)",-62.0,-49.0,-70.0,-74.0,-68.0,-62.0,-52.0,,-80.0,2948,"(13, 31)",-21.885434100949247
"(17, 58)",-62.0,-60.0,-63.0,,-69.0,-63.0,-41.0,-72.0,-74.0,2948,"(10, 50)",-20.373046968787946
"(17, 58)",,,-65.0,,-62.0,-64.0,-49.0,,-72.0,2948,"(9, 50)",-19.014631062038653
"(17, 58)",-64.0,-55.0,-53.0,-73.0,-78.0,,-52.0,-49.0,-76.0,2948,"(11, 75)",-16.57247438586286
"(17, 58)",,-50.0,,,,,-59.0,,-77.0,2948,"(17, 33)",-20.870875821378597
"(17, 58)",,,-64.0,,,-77.0,-55.0,,,2948,"(13, 66)",-32.144982913679016
"(17, 58)",-73.0,,-63.0,-57.0,-81.0,,-51.0,-52.0,-72.0,2948,"(8, 91)",-20.668379621774616
"(17, 58)",,-69.0,-60.0,-73.0,-81.0,-80.0,-43.0,-57.0,-69.0,2948,"(10, 68)",-26.466971476312285
"(17, 58)",-61.0,-52.0,-63.0,,,-76.0,-50.0,-62.0,-78.0,2948,"(13, 52)",-19.364785328889358
"(17, 58)",,,-55.0,-69.0,-80.0,,-56.0,,-77.0,2948,"(11, 76)",-27.89871659353852
"(17, 58)",-60.0,-51.0,,,-69.0,,-50.0,-65.0,-73.0,2948,"(13, 32)",-15.153324489040926
"(17, 58)",,-48.0,-61.0,,-73.0,-68.0,-48.0,-68.0,-80.0,2948,"(10, 50)",-21.58058046370371
"(17, 58)",-67.0,-51.0,-65.0,-69.0,-69.0,-75.0,-51.0,-55.0,,2948,"(10, 50)",-17.050417081351185
"(17, 58)",-71.0,,-63.0,,-74.0,,-47.0,-58.0,-75.0,2948,"(10, 68)",-23.330429345894622
"(17, 58)",-64.0,-56.0,,,-69.0,-63.0,-48.0,,,2948,"(14, 14)",-20.122060635227527
"(17, 58)",-69.0,-64.0,-51.0,,-78.0,-67.0,-53.0,-61.0,-77.0,2948,"(10, 50)",-21.396802375504016
"(17, 58)",-71.0,-59.0,-62.0,,-83.0,-72.0,-56.0,-53.0,-75.0,2948,"(10, 50)",-23.027441059167096
"(17, 58)",-73.0,-62.0,-53.0,,-84.0,-72.0,-61.0,,,2948,"(13, 36)",-27.463557663967077
"(17, 58)",,-58.0,-63.0,,-75.0,-73.0,-41.0,-69.0,-73.0,2948,"(11, 51)",-24.40890715541231
"(17, 58)",-71.0,-65.0,,-60.0,-82.0,,-53.0,-57.0,,2948,"(10, 50)",-18.92289072710484
"(17, 58)",-64.0,-58.0,,-69.0,-80.0,,-48.0,-58.0,-72.0,2948,"(11, 51)",-18.17403581277343
"(17, 58)",,,-68.0,,-81.0,-73.0,-49.0,,-77.0,2948,"(11, 67)",-34.06782475999942
"(17, 58)",-62.0,-51.0,-65.0,-71.0,-65.0,-62.0,-40.0,-59.0,-76.0,2948,"(10, 50)",-15.528756751938106
"(17, 58)",-62.0,-58.0,-49.0,-71.0,-83.0,-71.0,-55.0,-57.0,-74.0,2948,"(12, 75)",-19.708503087579757
"(17, 58)",,-59.0,-55.0,-62.0,,,-59.0,-52.0,-69.0,2948,"(10, 91)",-15.577181913183454
"(17, 58)",-62.0,-55.0,-66.0,,-70.0,-64.0,-47.0,-66.0,,2948,"(10, 50)",-18.017372822144537
"(17, 58)",-64.0,-62.0,,-70.0,-77.0,-65.0,-58.0,,,2948,"(11, 30)",-24.26219267630638
"(17, 58)",,-50.0,-61.0,,,,-54.0,,,2948,"(14, 53)",-12.560177907144984
"(17, 58)",,-55.0,-68.0,-80.0,-64.0,-63.0,-51.0,-64.0,-82.0,2948,"(10, 50)",-22.83732426429365
"(17, 58)",-76.0,-65.0,-48.0,-72.0,-77.0,-74.0,-54.0,-66.0,-66.0,2948,"(12, 75)",-23.69026840544876
"(17, 58)",-55.0,-53.0,-58.0,,,-71.0,-44.0,-69.0,-80.0,2948,"(10, 50)",-18.013654855230058
"(17, 58)",-71.0,-57.0,-64.0,,-85.0,-74.0,-42.0,,-74.0,2948,"(10, 50)",-28.44396678460529
"(17, 58)",-53.0,,-57.0,,,-65.0,-49.0,,-75.0,2948,"(12, 51)",-14.012022124075878
"(17, 58)",,,-49.0,-69.0,,-76.0,-56.0,,-70.0,2948,"(10, 77)",-24.35149297583515
"(17, 58)",-66.0,-70.0,-68.0,,-76.0,-69.0,-50.0,-72.0,-80.0,2948,"(10, 50)",-29.03736472667423
"(17, 58)",,-51.0,,,,,-50.0,,-82.0,2948,"(10, 50)",-21.807835297899658
"(17, 58)",-57.0,-50.0,-58.0,,-72.0,-64.0,-54.0,-62.0,-75.0,2948,"(14, 32)",-15.827386601176073
"(17, 58)",,-56.0,-55.0,,-76.0,-74.0,-64.0,-60.0,-73.0,2948,"(12, 75)",-22.043716733705306
"(17, 58)",,,-69.0,,,,-40.0,,-72.0,2948,"(10, 68)",-29.847911339355925
"(17, 58)",-62.0,-58.0,-55.0,-69.0,-75.0,,-48.0,-59.0,-73.0,2948,"(10, 68)",-16.527621697891938
"(17, 58)",-64.0,-52.0,-63.0,,,-66.0,-49.0,-59.0,-74.0,2948,"(10, 50)",-15.660174415604828
"(17, 58)",,-61.0,-58.0,-75.0,,,-50.0,-64.0,-67.0,2948,"(10, 68)",-19.88035742941218
"(17, 58)",-60.0,-60.0,-60.0,-72.0,-70.0,-71.0,-54.0,-60.0,-78.0,2948,"(11, 51)",-19.399326109120004
"(17, 58)",-72.0,,,-64.0,-77.0,,-58.0,-51.0,,2948,"(6, 90)",-18.741048706990426
"(17, 58)",-70.0,-65.0,-61.0,-62.0,-83.0,,-53.0,-56.0,-67.0,2948,"(10, 68)",-19.49994297469181
"(17, 58)",-57.0,-50.0,,,-70.0,-72.0,-60.0,,,2948,"(16, 14)",-25.653184701300496
"(17, 58)",-67.0,-65.0,-59.0,,-79.0,,-58.0,-60.0,-80.0,2948,"(10, 68)",-23.760490324602117
"(17, 58)",,,-68.0,-69.0,-80.0,-74.0,-46.0,-61.0,-76.0,2948,"(10, 68)",-28.406845407840137
"(17, 58)",,,,-79.0,,-63.0,,-59.0,,2948,"(9, 91)",-24.017075060628787
"(17, 58)",-73.0,-59.0,-66.0,-71.0,-77.0,-68.0,-49.0,-63.0,-84.0,2948,"(10, 50)",-25.828296233871008
"(17, 58)",-66.0,-50.0,-55.0,-80.0,-69.0,-70.0,-41.0,,-72.0,2948,"(10, 50)",-19.55040219999184
"(17, 58)",-68.0,-67.0,-52.0,-73.0,,,-55.0,,-70.0,2948,"(14, 74)",-20.33693741754894
"(17, 58)",,,-55.0,-68.0,,,-60.0,-58.0,,2948,"(10, 90)",-21.128627821060622
"(17, 58)",-72.0,-63.0,-54.0,-65.0,-81.0,-73.0,-65.0,,-77.0,2948,"(14, 74)",-25.507822659329516
"(17, 58)",-63.0,-54.0,-64.0,-69.0,-65.0,-70.0,-46.0,-58.0,-72.0,2948,"(10, 50)",-15.942129625249102
"(17, 58)",,,,-76.0,,,-45.0,,-77.0,2948,"(10, 68)",-33.438670075117656
"(17, 58)",,,-68.0,,-65.0,,-48.0,-61.0,-87.0,2948,"(10, 68)",-27.68146572096731
"(17, 58)",-65.0,-52.0,-62.0,,-67.0,-67.0,-50.0,-61.0,-73.0,2948,"(10, 50)",-16.638024283084995
"(17, 58)",,-61.0,-65.0,,-73.0,,-60.0,,-79.0,2948,"(13, 52)",-25.989750573516517
"(17, 58)",-70.0,-66.0,-48.0,-71.0,-77.0,-75.0,-54.0,-68.0,-71.0,2948,"(12, 75)",-23.9153020082348
"(17, 58)",-72.0,,,,,,-67.0,,,2948,"(10, 42)",-30.65319825271998
"(17, 58)",-57.0,-63.0,-62.0,,-72.0,-70.0,-47.0,,-81.0,2948,"(10, 50)",-22.983446927857585
"(17, 58)",-65.0,-58.0,-60.0,-76.0,-77.0,-77.0,-48.0,-68.0,,2948,"(10, 50)",-24.314098660524298
"(17, 58)",-71.0,,-64.0,,-66.0,-61.0,-54.0,-60.0,-77.0,2948,"(10, 68)",-19.956865478211274
"(17, 58)",-59.0,-54.0,-69.0,,-66.0,,-44.0,,,2948,"(10, 50)",-14.9774516476938
"(17, 58)",-66.0,-50.0,-67.0,,,-64.0,-49.0,-60.0,-76.0,2948,"(10, 50)",-17.174658866005398
"(17, 58)",-71.0,-59.0,-62.0,-70.0,-75.0,-74.0,-51.0,-61.0,-82.0,2948,"(11, 67)",-24.311247648607285
"(17, 58)",,,,,-79.0,-78.0,-40.0,-54.0,-70.0,2948,"(4, 68)",-25.69334713910912
"(17, 58)",,-53.0,-61.0,-79.0,-66.0,-68.0,-50.0,-63.0,-77.0,2948,"(10, 68)",-20.864747358933
"(17, 58)",-54.0,-58.0,,,-69.0,-65.0,-50.0,-59.0,-75.0,2948,"(12, 31)",-16.007001111837656
"(17, 58)",-63.0,-59.0,,,-70.0,,-39.0,-60.0,-65.0,2948,"(10, 50)",-13.570526107479594
"(17, 58)",,-62.0,,,,-74.0,,,,2948,"(19, 27)",-39.84556531720944
"(17, 58)",-71.0,-64.0,-62.0,-56.0,-78.0,-78.0,-61.0,-50.0,-73.0,2948,"(6, 90)",-21.0684739227314
"(17, 58)",-62.0,-66.0,-58.0,,,-68.0,,-56.0,-66.0,2948,"(7, 84)",-15.319444270432527
"(17, 58)",,-55.0,-66.0,,-71.0,,-51.0,-62.0,-75.0,2948,"(10, 68)",-20.1145735542732
"(17, 58)",-60.0,-52.0,-65.0,,-80.0,,-44.0,,-75.0,2948,"(10, 50)",-20.581819243706747
"(17, 58)",-68.0,,,,-76.0,-74.0,-49.0,-60.0,,2948,"(8, 50)",-24.94983137526519
"(17, 58)",,,-63.0,-78.0,-73.0,,-47.0,-61.0,-78.0,2948,"(10, 68)",-27.83749220567047
"(17, 58)",-74.0,-66.0,-47.0,,-77.0,-78.0,-56.0,-67.0,-70.0,2948,"(14, 74)",-25.431642570520882
"(17, 58)",-65.0,-63.0,-69.0,-76.0,-77.0,-75.0,-45.0,-68.0,-83.0,2948,"(10, 50)",-28.729860148677336
"(17, 58)",,,-62.0,-82.0,-73.0,,,-61.0,-73.0,2948,"(12, 95)",-32.000723068988535
"(17, 58)",,-50.0,-62.0,-70.0,-72.0,-65.0,-42.0,,-74.0,2948,"(10, 50)",-18.722164411713887
"(17, 58)",-65.0,-58.0,,,-77.0,,-46.0,,,2948,"(10, 50)",-22.164147009713115
"(17, 58)",,-55.0,-61.0,-77.0,-74.0,-70.0,-50.0,-66.0,-86.0,2948,"(10, 68)",-26.278863001002644
"(17, 58)",-77.0,,,-57.0,-84.0,-69.0,,-55.0,-79.0,2948,"(13, 103)",-27.13033998005637
"(17, 58)",-63.0,-63.0,-66.0,-71.0,-63.0,-70.0,-44.0,-63.0,-79.0,2948,"(10, 50)",-20.692387918940813
"(17, 58)",,,-68.0,-77.0,-71.0,-66.0,-58.0,-66.0,-80.0,2948,"(10, 68)",-28.208784122565437
"(17, 58)",-74.0,-57.0,-62.0,-65.0,-75.0,,,-67.0,-74.0,2948,"(9, 89)",-22.112609652625498
"(17, 58)",-72.0,-58.0,-67.0,-77.0,-72.0,-64.0,-62.0,-65.0,-85.0,2948,"(14, 32)",-26.318592546732287
"(17, 58)",-63.0,-56.0,-63.0,-75.0,-75.0,-67.0,-58.0,-63.0,-85.0,2948,"(11, 49)",-23.18266899780107
"(17, 58)",,-67.0,-63.0,-75.0,,-80.0,-45.0,-56.0,-72.0,2948,"(10, 68)",-25.639678703898642
"(17, 58)",-61.0,-54.0,-62.0,,-73.0,-74.0,-44.0,-68.0,-71.0,2948,"(10, 50)",-20.17085327919863
"(17, 58)",-67.0,-60.0,-56.0,-61.0,-88.0,,-53.0,-49.0,-75.0,2948,"(8, 91)",-18.894753641194193
"(17, 58)",,-59.0,-70.0,-75.0,-64.0,-74.0,-51.0,-69.0,-81.0,2948,"(11, 67)",-26.055550156200137
"(17, 58)",-64.0,-59.0,-61.0,,,-64.0,-60.0,-69.0,-88.0,2948,"(11, 47)",-23.79616020544805
"(17, 58)",-54.0,-52.0,-54.0,-79.0,-66.0,,-52.0,,-80.0,2948,"(12, 51)",-16.025047675732043
"(17, 58)",-65.0,-62.0,-68.0,,-69.0,-72.0,-59.0,-62.0,,2948,"(12, 36)",-22.412007720224306
"(17, 58)",,,-58.0,-60.0,,,-54.0,,-74.0,2948,"(12, 92)",-19.60751267156238
"(17, 58)",,-56.0,-65.0,-74.0,-70.0,-68.0,-49.0,,-74.0,2948,"(10, 50)",-22.359502364640985
"(17, 58)",,-55.0,-62.0,,-76.0,-71.0,,,-76.0,2948,"(14, 32)",-27.481437783937107
"(17, 58)",-71.0,,-61.0,-63.0,-72.0,,-51.0,-62.0,-77.0,2948,"(10, 68)",-21.52922264451577
"(17, 58)",-74.0,-63.0,,-75.0,-75.0,,-48.0,,,2948,"(10, 50)",-27.81033620856352
"(17, 58)",-75.0,-57.0,-55.0,-80.0,-78.0,-74.0,-42.0,-63.0,-73.0,2948,"(10, 68)",-25.047149842770168
"(17, 58)",-62.0,-52.0,-64.0,,-72.0,-74.0,-41.0,-68.0,-71.0,2948,"(10, 50)",-20.19363268716658
"(17, 58)",-72.0,-57.0,-55.0,-63.0,,-76.0,-58.0,-53.0,-72.0,2948,"(10, 76)",-17.937776008655266
"(17, 58)",-75.0,-64.0,,,-77.0,-74.0,,-54.0,-69.0,2948,"(13, 33)",-24.608106311562437
"(17, 58)",,-57.0,-55.0,-63.0,,-73.0,-55.0,-55.0,-70.0,2948,"(9, 89)",-16.290927363088468
"(17, 58)",-64.0,-57.0,-53.0,,,,-58.0,-52.0,-73.0,2948,"(11, 75)",-13.643355619004291
"(17, 58)",-74.0,-61.0,-54.0,-62.0,-79.0,-75.0,-59.0,-52.0,-74.0,2948,"(12, 75)",-20.887802759149302
"(17, 58)",-66.0,-52.0,-55.0,-77.0,-75.0,-68.0,-43.0,-67.0,-69.0,2948,"(13, 52)",-19.34000082235616
"(17, 58)",-71.0,-57.0,-66.0,-56.0,,-78.0,-63.0,-51.0,-75.0,2948,"(6, 90)",-19.65634282624787
"(17, 58)",-73.0,,-67.0,-59.0,-80.0,-73.0,-63.0,,-77.0,2948,"(11, 68)",-26.868061700273426
"(17, 58)",-64.0,-53.0,-65.0,-71.0,-71.0,,-62.0,-67.0,-78.0,2948,"(12, 67)",-20.945040144642057
"(17, 58)",-63.0,-49.0,-61.0,,-62.0,-70.0,-49.0,-65.0,-80.0,2948,"(14, 32)",-17.798180558207036
"(17, 58)",,-65.0,-60.0,-60.0,,,-49.0,-52.0,-75.0,2948,"(9, 91)",-16.757893811111387
"(17, 58)",-73.0,,-55.0,-61.0,-85.0,-79.0,-55.0,-53.0,-70.0,2948,"(8, 91)",-23.871831209395356
"(17, 58)",,,-58.0,,-78.0,-78.0,-52.0,,,2948,"(13, 66)",-30.811246754668176
"(17, 58)",-63.0,-54.0,-58.0,,-69.0,-75.0,-44.0,-62.0,-70.0,2948,"(10, 50)",-17.298047777665545
"(17, 58)",-73.0,-63.0,-58.0,,,-82.0,-50.0,-55.0,-73.0,2948,"(10, 68)",-23.163366102707343
"(17, 58)",,,-62.0,,-79.0,,-41.0,-52.0,-73.0,2948,"(10, 68)",-22.76069569600999
"(17, 58)",-62.0,-54.0,-51.0,-70.0,-84.0,-71.0,-52.0,-56.0,-74.0,2948,"(10, 68)",-18.285272929894216
"(17, 58)",,-57.0,-58.0,,-69.0,,-42.0,,-75.0,2948,"(13, 52)",-18.343766787018588
"(17, 58)",-76.0,-57.0,-57.0,,-80.0,-75.0,-57.0,-56.0,-69.0,2948,"(12, 67)",-21.93976746194874
"(17, 58)",-54.0,-48.0,-59.0,-78.0,-74.0,-66.0,-50.0,-60.0,-76.0,2948,"(14, 32)",-16.66480235072024
"(17, 58)",-65.0,-59.0,-49.0,-69.0,-81.0,-75.0,-47.0,,-71.0,2948,"(13, 52)",-20.61855629300307
"(17, 58)",,-57.0,-68.0,,-62.0,-64.0,-43.0,,-74.0,2948,"(10, 50)",-19.39471416686925
"(17, 58)",,-50.0,,-80.0,-68.0,-68.0,,-59.0,,2948,"(13, 31)",-22.519297361375557
"(17, 58)",-62.0,-60.0,-58.0,-82.0,-66.0,-70.0,-50.0,-56.0,-69.0,2948,"(11, 67)",-17.848145183071136
"(17, 58)",-62.0,-52.0,-66.0,,-66.0,-63.0,-47.0,,-81.0,2948,"(12, 30)",-19.95701210511113
"(17, 58)",,,,,,,-58.0,-54.0,-69.0,2948,"(5, 90)",-20.518858332614272
"(17, 58)",-65.0,-58.0,-52.0,-71.0,-78.0,-71.0,-48.0,-56.0,-72.0,2948,"(10, 68)",-18.36711178919514
"(17, 58)",-53.0,-61.0,-65.0,-77.0,-71.0,,-53.0,,-86.0,2948,"(10, 50)",-23.149290934981053
"(17, 58)",-57.0,,-67.0,-79.0,-74.0,-66.0,-60.0,,,2948,"(10, 36)",-24.005937992504766
"(17, 58)",-54.0,-51.0,-57.0,-77.0,-68.0,,-61.0,-61.0,-77.0,2948,"(12, 69)",-16.213272969297194
"(17, 58)",-70.0,,-54.0,-67.0,-77.0,,-51.0,-56.0,,2948,"(10, 68)",-18.224434413958203
"(17, 58)",-53.0,,,,-72.0,-67.0,-51.0,-74.0,,2948,"(16, 12)",-20.757189948797084
"(17, 58)",-65.0,,,,-64.0,-68.0,-46.0,-69.0,-77.0,2948,"(8, 50)",-22.28242510421992
"(17, 58)",,-51.0,-68.0,-74.0,,,,-67.0,-80.0,2948,"(14, 95)",-25.9453201535379
"(17, 58)",,-54.0,-69.0,-77.0,-77.0,-69.0,,-62.0,-79.0,2948,"(14, 32)",-26.056508151467625
"(17, 58)",,,-65.0,-73.0,-66.0,,-66.0,-63.0,-74.0,2948,"(8, 90)",-26.142102963105362
"(17, 58)",-64.0,-61.0,-59.0,,-72.0,-67.0,-39.0,-61.0,-72.0,2948,"(10, 50)",-18.54458249777101
"(17, 58)",,-61.0,-61.0,,-76.0,-72.0,-46.0,-59.0,,2948,"(10, 50)",-21.59200838935932
"(17, 58)",-54.0,-49.0,-65.0,,-75.0,-74.0,-46.0,,-83.0,2948,"(14, 32)",-22.398015120947083
"(17, 58)",,,,,-71.0,-69.0,,-59.0,,2948,"(6, 33)",-21.616696703605204
"(17, 58)",-73.0,-60.0,-63.0,-59.0,-80.0,-75.0,-54.0,-52.0,-72.0,2948,"(10, 68)",-20.17332581814375
"(17, 58)",-63.0,,-61.0,,-75.0,-62.0,-63.0,,,2948,"(11, 30)",-22.92627398197046
"(17, 58)",-63.0,-61.0,,,,-73.0,,-59.0,,2948,"(15, 14)",-21.18074385061613
"(17, 58)",-68.0,-59.0,-56.0,,-82.0,-78.0,-51.0,-48.0,-69.0,2948,"(10, 68)",-19.633701443812203
"(17, 58)",-61.0,-62.0,-54.0,-69.0,,-71.0,-45.0,-57.0,-73.0,2948,"(10, 68)",-16.415067953049185
"(17, 58)",,-57.0,-69.0,-78.0,-84.0,-79.0,-41.0,-58.0,-73.0,2948,"(10, 68)",-28.21125823550702
"(17, 58)",,-52.0,-62.0,,,,,,-78.0,2948,"(16, 72)",-19.43620024080605
"(17, 58)",-75.0,-61.0,-62.0,-70.0,-75.0,,-50.0,,-74.0,2948,"(13, 66)",-23.922914722625517
"(17, 58)",-72.0,-63.0,-64.0,,,-77.0,-41.0,-61.0,-77.0,2948,"(10, 68)",-25.35717227849426
"(17, 58)",-67.0,-56.0,-62.0,,-70.0,-63.0,-59.0,-69.0,-81.0,2948,"(14, 32)",-22.87397033612059
"(17, 58)",-61.0,-61.0,,-80.0,-65.0,-67.0,-54.0,-67.0,-76.0,2948,"(11, 34)",-21.94985725373115
"(17, 58)",,-48.0,,,-71.0,-69.0,-56.0,-66.0,,2948,"(14, 32)",-22.022044906202737
"(17, 58)",,-57.0,-64.0,-58.0,,-79.0,-63.0,-54.0,-74.0,2948,"(8, 91)",-20.668571409011264
"(17, 58)",-71.0,,-58.0,,-75.0,-71.0,-41.0,-70.0,-72.0,2948,"(10, 68)",-25.328623844679935
"(17, 58)",-66.0,,-53.0,,-74.0,-72.0,-52.0,-57.0,-79.0,2948,"(10, 68)",-21.52183312186895
"(17, 58)",-69.0,-58.0,-60.0,-60.0,-84.0,-75.0,-55.0,-56.0,-74.0,2948,"(10, 68)",-20.71242344872357
"(17, 58)",,-53.0,-53.0,-77.0,,,-57.0,-50.0,-78.0,2948,"(10, 92)",-19.31760898290538
"(17, 58)",-53.0,-52.0,-60.0,,-68.0,,-50.0,-60.0,-78.0,2948,"(12, 51)",-13.008885293675744
"(17, 58)",,-54.0,,,,,-45.0,-69.0,,2948,"(10, 50)",-15.304885494765987
"(17, 58)",,-56.0,,-79.0,,-74.0,,-59.0,,2948,"(17, 33)",-22.631974783627324
"(17, 58)",-68.0,,-69.0,,-73.0,-76.0,-43.0,-59.0,-80.0,2948,"(10, 68)",-26.995149176575893
"(17, 58)",-68.0,-54.0,,-68.0,-78.0,-74.0,-59.0,-57.0,-74.0,2948,"(14, 32)",-21.148484762953274
"(17, 58)",,-55.0,-60.0,-81.0,-69.0,-70.0,,-59.0,-70.0,2948,"(8, 88)",-20.782146554281717
"(17, 58)",,-60.0,-60.0,-62.0,,,-55.0,-61.0,-72.0,2948,"(9, 89)",-18.052696604862195
"(17, 58)",,-48.0,-58.0,-78.0,-75.0,-66.0,-47.0,-68.0,-76.0,2948,"(10, 68)",-21.60358025654272
"(17, 58)",-63.0,-53.0,-58.0,,-66.0,,-52.0,-57.0,-77.0,2948,"(12, 51)",-14.009098881770234
"(17, 58)",-54.0,-60.0,-60.0,,-66.0,-68.0,-54.0,-64.0,,2948,"(13, 32)",-15.989676616652064
"(17, 58)",-69.0,,-61.0,-78.0,-75.0,-73.0,-41.0,-67.0,-75.0,2948,"(10, 68)",-27.376245643266632
"(17, 58)",,-63.0,-52.0,-73.0,,-74.0,-47.0,,-64.0,2948,"(10, 68)",-19.487065734892916
"(17, 58)",-64.0,-54.0,-64.0,-79.0,-74.0,-68.0,,,-75.0,2948,"(13, 31)",-26.075711584559446
"(17, 58)",-62.0,-62.0,-61.0,-82.0,-64.0,-69.0,-49.0,-61.0,-72.0,2948,"(10, 50)",-19.908433208101002
"(17, 58)",-70.0,-55.0,-55.0,-64.0,-75.0,-69.0,-50.0,-56.0,-73.0,2948,"(10, 68)",-16.910809353451423
"(17, 58)",,,-59.0,-84.0,-71.0,,-47.0,-62.0,-71.0,2948,"(10, 68)",-26.117952283529746
"(17, 58)",-64.0,-53.0,,,,-66.0,-43.0,-65.0,,2948,"(10, 50)",-15.518429684111828
"(17, 58)",-53.0,-53.0,-60.0,,-66.0,-74.0,-52.0,,-84.0,2948,"(14, 32)",-20.252823237469304
"(17, 58)",-57.0,,-70.0,,-65.0,,,-60.0,-70.0,2948,"(6, 89)",-16.320189769945298
"(17, 58)",-64.0,,-53.0,-70.0,-83.0,,-52.0,-61.0,-72.0,2948,"(8, 80)",-21.93931579064608
"(17, 58)",-63.0,,-62.0,,-73.0,-69.0,-54.0,,,2948,"(10, 50)",-22.27560837432364
"(17, 58)",-75.0,-61.0,-54.0,,-75.0,-73.0,-40.0,-61.0,-70.0,2948,"(13, 66)",-21.61796174493486
"(17, 58)",-54.0,-56.0,-63.0,-82.0,-71.0,-66.0,-54.0,-69.0,-76.0,2948,"(10, 50)",-21.08037689366107
"(17, 58)",-70.0,-64.0,-50.0,,-75.0,,,-64.0,-74.0,2948,"(12, 75)",-22.345182039769703
"(17, 58)",-69.0,-65.0,-53.0,,-77.0,-70.0,-56.0,-59.0,-75.0,2948,"(14, 74)",-21.448027499891055
"(17, 58)",,-54.0,-69.0,-72.0,-69.0,-67.0,-50.0,-62.0,-76.0,2948,"(10, 68)",-20.813401317514977
"(17, 58)",-58.0,-52.0,,,-63.0,-69.0,-55.0,,-78.0,2948,"(14, 15)",-21.672378021315613
"(17, 58)",-65.0,,-65.0,-76.0,,-64.0,-51.0,-62.0,-73.0,2948,"(10, 68)",-21.928603133735617
"(17, 58)",-74.0,,-57.0,,-73.0,-74.0,,-56.0,-70.0,2948,"(8, 91)",-23.272285891944826
"(17, 58)",-68.0,-63.0,-49.0,-70.0,-82.0,-74.0,-62.0,-61.0,-80.0,2948,"(12, 75)",-25.42989334594969
"(17, 58)",,-52.0,,,,,-50.0,-62.0,-78.0,2948,"(9, 68)",-16.71688564063699
"(17, 58)",-71.0,-65.0,-60.0,-69.0,-86.0,-70.0,-62.0,-59.0,-83.0,2948,"(12, 75)",-26.68811411171621
"(17, 58)",-62.0,,-64.0,-75.0,,,-43.0,-64.0,-78.0,2948,"(10, 68)",-23.96514499487918
"(17, 58)",-70.0,-59.0,-58.0,,-76.0,,-43.0,-71.0,-74.0,2948,"(13, 66)",-22.95864708537282
"(17, 58)",-53.0,-55.0,,-75.0,-69.0,-67.0,-50.0,,,2948,"(15, 14)",-18.8181475121774
"(17, 58)",-59.0,-55.0,-63.0,-82.0,-69.0,,-48.0,-70.0,-77.0,2948,"(13, 52)",-21.564448838456062
"(17, 58)",-72.0,-59.0,-59.0,-59.0,-81.0,-74.0,-56.0,,,2948,"(10, 50)",-21.937182768569823
"(17, 58)",-64.0,-60.0,-52.0,-73.0,-83.0,-72.0,-61.0,-58.0,,2948,"(14, 74)",-21.07078037709362
"(17, 58)",-65.0,-55.0,-55.0,,-82.0,,-59.0,-53.0,,2948,"(12, 67)",-16.128556261525876
"(17, 58)",-74.0,-62.0,-55.0,-74.0,-80.0,,-61.0,-63.0,-66.0,2948,"(11, 76)",-23.487897500285165
"(17, 58)",-76.0,-64.0,-57.0,,-83.0,-78.0,-47.0,,-69.0,2948,"(10, 50)",-28.614323019560725
"(17, 58)",,,,,-70.0,,-48.0,-60.0,-74.0,2948,"(4, 68)",-21.278409196206553
"(17, 58)",-62.0,-51.0,-62.0,-82.0,-73.0,-73.0,-53.0,,-80.0,2948,"(14, 32)",-25.230532180330226
"(17, 58)",,,-52.0,,,,-51.0,-59.0,-72.0,2948,"(8, 87)",-19.6062024197511
"(17, 58)",-74.0,-62.0,-60.0,-56.0,-84.0,-76.0,-65.0,-51.0,-72.0,2948,"(8, 91)",-22.633119498452956
"(17, 58)",-70.0,-56.0,-61.0,-78.0,-81.0,-72.0,-42.0,-68.0,,2948,"(10, 50)",-25.77990419817306
"(17, 58)",-68.0,-61.0,-51.0,,,,-57.0,-59.0,-82.0,2948,"(12, 75)",-20.32232364729808
"(17, 58)",-67.0,-62.0,-61.0,-58.0,-83.0,,-54.0,,-70.0,2948,"(13, 66)",-19.27041642639107
"(17, 58)",-69.0,-60.0,-63.0,-57.0,-78.0,-77.0,-55.0,,-68.0,2948,"(13, 52)",-20.489845341912638
"(17, 58)",-77.0,,-64.0,-72.0,-86.0,,-43.0,-56.0,-72.0,2948,"(10, 68)",-27.914759557854868
"(17, 58)",,,-70.0,,-74.0,-75.0,-42.0,,-78.0,2948,"(11, 59)",-32.83287489894839
"(17, 58)",,-48.0,-58.0,,-70.0,-71.0,-51.0,-60.0,-73.0,2948,"(11, 51)",-16.267221158239284
"(17, 58)",-68.0,-65.0,-74.0,,-76.0,,-52.0,-66.0,-79.0,2948,"(13, 52)",-27.821199129202437
"(17, 58)",-68.0,-59.0,-65.0,-79.0,-73.0,-69.0,-47.0,-61.0,-75.0,2948,"(10, 50)",-23.286981816519578
"(17, 58)",,-56.0,,,-75.0,-71.0,-45.0,,,2948,"(10, 50)",-25.519569844822453
"(17, 58)",-70.0,,-55.0,-61.0,,-80.0,-56.0,-50.0,-74.0,2948,"(10, 92)",-21.435899593519128
"(17, 58)",-65.0,-55.0,,-70.0,-76.0,,-49.0,-57.0,-74.0,2948,"(10, 50)",-17.25436213646297
"(17, 58)",-66.0,-55.0,,-77.0,-68.0,-63.0,-52.0,-62.0,,2948,"(12, 31)",-19.230433994563914
"(17, 58)",-70.0,-64.0,-56.0,-62.0,,,-52.0,-51.0,-85.0,2948,"(8, 91)",-18.76034720114821
"(17, 58)",,,-68.0,,,,-47.0,-60.0,-78.0,2948,"(10, 68)",-27.9262497295944
"(17, 58)",-74.0,-64.0,-57.0,-75.0,-83.0,-78.0,-47.0,-57.0,-71.0,2948,"(10, 68)",-25.883397740562256
"(17, 58)",,-57.0,-54.0,,,,-40.0,,-71.0,2948,"(10, 68)",-14.53155139809241
"(17, 58)",-52.0,-49.0,-58.0,,-70.0,-68.0,-43.0,-68.0,-81.0,2948,"(10, 50)",-16.774177079191343
"(17, 58)",,,-53.0,-71.0,,,-52.0,-69.0,-74.0,2948,"(10, 90)",-25.91738490192543
"(17, 58)",-67.0,-61.0,-47.0,-66.0,-79.0,-74.0,-51.0,-53.0,-70.0,2948,"(12, 75)",-17.998362349087024
"(17, 58)",,-67.0,-60.0,-69.0,-77.0,-71.0,-54.0,-58.0,-79.0,2948,"(10, 68)",-24.486973051108063
"(17, 58)",-62.0,-55.0,-68.0,,,,-49.0,-63.0,-82.0,2948,"(13, 66)",-20.119900228441196
"(17, 58)",-73.0,,-55.0,,,-72.0,-58.0,-55.0,-61.0,2948,"(8, 79)",-18.422991276333978
"(17, 58)",-52.0,-51.0,-56.0,,-69.0,-71.0,-48.0,-64.0,-80.0,2948,"(10, 50)",-15.899534709948954
"(17, 58)",-72.0,-68.0,-63.0,-73.0,-82.0,-71.0,-56.0,-53.0,-65.0,2948,"(10, 68)",-22.9838460346368
"(17, 58)",-73.0,-58.0,-58.0,-71.0,-78.0,,-41.0,-54.0,-77.0,2948,"(10, 68)",-21.11476837814663
"(17, 58)",,-63.0,,-66.0,,,,,-76.0,2948,"(15, 111)",-24.09288468769674
"(17, 58)",,-60.0,-54.0,-73.0,-76.0,-77.0,-59.0,-57.0,-71.0,2948,"(10, 77)",-22.787946599361685
"(17, 58)",-61.0,-57.0,-61.0,-69.0,-74.0,-79.0,-46.0,,-79.0,2948,"(10, 50)",-23.09872801711815
"(17, 58)",-63.0,-51.0,-67.0,-76.0,-65.0,-64.0,-47.0,-64.0,-82.0,2948,"(10, 50)",-20.122708971032566
"(17, 58)",-66.0,-53.0,,,-73.0,-64.0,-49.0,-59.0,-77.0,2948,"(13, 31)",-18.939595874049736
"(17, 58)",,-60.0,-59.0,-56.0,,,-60.0,-54.0,-72.0,2948,"(9, 91)",-16.367071550952584
"(17, 58)",,,-52.0,-72.0,,,-62.0,-58.0,,2948,"(10, 90)",-24.209740507033302
"(17, 58)",-68.0,-56.0,,,-76.0,,-50.0,-60.0,-74.0,2948,"(10, 50)",-19.763029972728503
"(17, 58)",-66.0,-61.0,-59.0,-81.0,-74.0,-64.0,-44.0,-61.0,-74.0,2948,"(10, 50)",-21.61408611249973
"(17, 58)",,-61.0,-53.0,-73.0,-80.0,,-60.0,-64.0,,2948,"(12, 75)",-23.681230425957647
"(17, 58)",-52.0,-50.0,-58.0,,-72.0,,-43.0,,-80.0,2948,"(10, 50)",-14.320943714394634
"(17, 58)",-63.0,-52.0,,,-64.0,-68.0,-49.0,,,2948,"(14, 15)",-19.884687581873163
"(17, 58)",,-46.0,-64.0,-76.0,-64.0,,-46.0,-71.0,-78.0,2948,"(10, 68)",-20.21524002038428
"(17, 58)",-76.0,-64.0,,,-83.0,-81.0,,,-71.0,2948,"(22, 22)",-38.093948670219945
"(17, 58)",-63.0,-53.0,-64.0,-81.0,-65.0,-66.0,-48.0,-65.0,-78.0,2948,"(10, 50)",-20.736000879916755
"(17, 58)",-53.0,-55.0,-60.0,,-68.0,-76.0,-47.0,-63.0,-76.0,2948,"(10, 50)",-17.340858291572044
"(17, 58)",-51.0,-55.0,,-79.0,-66.0,-66.0,-50.0,-64.0,-78.0,2948,"(12, 31)",-18.196801125231804
"(17, 58)",-53.0,-54.0,-63.0,,-68.0,,-47.0,-67.0,-76.0,2948,"(10, 50)",-15.246078344565566
"(17, 58)",-64.0,-63.0,-71.0,,-66.0,-60.0,,-66.0,-80.0,2948,"(11, 30)",-24.00805322896371
"(17, 58)",,-61.0,-67.0,-82.0,-65.0,-64.0,-47.0,-64.0,-80.0,2948,"(10, 50)",-24.316893994079663
"(17, 58)",,,-55.0,-59.0,-80.0,-69.0,-59.0,-49.0,-76.0,2948,"(10, 92)",-22.01250120697385
"(17, 58)",,-66.0,-64.0,-72.0,,,,-51.0,-75.0,2948,"(13, 96)",-27.67434976262242
"(17, 58)",,-46.0,-64.0,-79.0,,,-44.0,-65.0,-81.0,2948,"(10, 68)",-22.953155741487116
"(17, 58)",-60.0,-50.0,-61.0,,-66.0,-67.0,-44.0,-59.0,-76.0,2948,"(10, 50)",-14.872479326875844
"(17, 58)",,-60.0,-54.0,-77.0,-74.0,,-57.0,-64.0,-74.0,2948,"(10, 77)",-23.358440162749215
"(17, 58)",-74.0,-59.0,-63.0,,-75.0,,,-60.0,-80.0,2948,"(12, 72)",-23.900647076755067
"(17, 58)",-52.0,-50.0,,,-72.0,,-44.0,-67.0,,2948,"(12, 31)",-11.84996690914184
"(17, 58)",,,,-74.0,-77.0,,,-59.0,-72.0,2948,"(9, 108)",-33.204523145944854
"(17, 58)",-70.0,-67.0,-52.0,-71.0,-74.0,-70.0,-58.0,-58.0,-74.0,2948,"(12, 75)",-21.82214704189346
"(17, 58)",-60.0,-54.0,-67.0,,-65.0,-66.0,-46.0,-66.0,-79.0,2948,"(10, 50)",-19.058567253459586
"(17, 58)",-54.0,-53.0,-64.0,,-73.0,-64.0,-47.0,-62.0,-77.0,2948,"(10, 50)",-16.761805499449615
"(17, 58)",-59.0,-65.0,-66.0,,-66.0,-65.0,-46.0,,-77.0,2948,"(10, 50)",-20.897260643432208
"(17, 58)",,-51.0,-60.0,-76.0,-66.0,,-47.0,,-74.0,2948,"(13, 66)",-18.037595451043607
"(17, 58)",-64.0,-62.0,-65.0,-71.0,-81.0,-77.0,-42.0,-57.0,,2948,"(13, 52)",-22.949111985734852
"(17, 58)",-76.0,-65.0,-65.0,,-81.0,-75.0,-58.0,-58.0,-74.0,2948,"(11, 51)",-27.226314201444527
"(17, 58)",-73.0,-53.0,-68.0,,-65.0,,-49.0,-64.0,-78.0,2948,"(10, 50)",-20.820509465391584
"(17, 58)",,-64.0,-59.0,-62.0,,,-55.0,,-77.0,2948,"(11, 74)",-20.034073961214418
"(17, 58)",-59.0,-48.0,-67.0,,-67.0,-61.0,-46.0,,,2948,"(12, 30)",-16.266314048131633
"(17, 58)",-51.0,-51.0,,,-69.0,-72.0,-48.0,,-84.0,2948,"(16, 14)",-22.344480261576358
"(17, 58)",,-53.0,-70.0,-73.0,-62.0,-65.0,-48.0,,-74.0,2948,"(10, 50)",-19.611452497094323
"(17, 58)",,-59.0,-58.0,,,-70.0,-59.0,-51.0,-66.0,2948,"(9, 77)",-15.886390997887482
"(17, 58)",-69.0,-58.0,-50.0,-72.0,-76.0,,-49.0,-57.0,-69.0,2948,"(10, 68)",-17.068379364102935
"(17, 58)",-70.0,-53.0,,,,,-55.0,-53.0,-70.0,2948,"(12, 51)",-12.830503782600948
"(17, 58)",,,-55.0,,,,-50.0,-68.0,-76.0,2948,"(10, 68)",-25.49174475807538
"(17, 58)",-54.0,-44.0,-60.0,,-74.0,-63.0,-43.0,-62.0,-76.0,2948,"(14, 32)",-13.950941588828703
"(17, 58)",,-54.0,,,,,-41.0,-57.0,-73.0,2948,"(9, 68)",-12.418057273024468
"(17, 58)",-74.0,,-51.0,,-77.0,,,-57.0,-77.0,2948,"(10, 90)",-27.403076498396175
"(17, 58)",-58.0,,,,-65.0,,-48.0,-69.0,-78.0,2948,"(10, 50)",-18.740236489566037
"(17, 58)",-68.0,-63.0,-50.0,,,-77.0,-48.0,-57.0,-72.0,2948,"(10, 68)",-18.834377343986365
"(17, 58)",,,-63.0,-75.0,-76.0,,-40.0,-54.0,-79.0,2948,"(10, 68)",-26.107195387841188
"(17, 58)",-62.0,-64.0,-65.0,-68.0,-73.0,-78.0,-45.0,-52.0,-79.0,2948,"(10, 68)",-21.341298159024788
"(17, 58)",-67.0,-57.0,,-74.0,-66.0,-77.0,-39.0,-63.0,-77.0,2948,"(10, 50)",-22.503240522400393
"(17, 58)",-59.0,-58.0,-65.0,-79.0,-63.0,-70.0,-45.0,-66.0,-79.0,2948,"(10, 50)",-21.274126428750417
"(17, 58)",-56.0,-52.0,-71.0,,-61.0,-64.0,-45.0,-60.0,-81.0,2948,"(10, 50)",-16.246828677999297
"(17, 58)",-57.0,-52.0,-62.0,-81.0,-78.0,-63.0,-46.0,-63.0,-83.0,2948,"(10, 50)",-21.843714122066167
"(17, 58)",-57.0,,-59.0,-78.0,,,-44.0,,,2948,"(13, 66)",-17.479717024796834
"(17, 58)",,-60.0,-58.0,-75.0,,,-53.0,,,2948,"(13, 66)",-19.83590850963161
"(17, 58)",-58.0,-48.0,-61.0,,,-71.0,-50.0,-69.0,-84.0,2948,"(10, 50)",-19.65475529558861
"(17, 58)",-76.0,-66.0,-54.0,,-81.0,-75.0,-54.0,-51.0,-72.0,2948,"(10, 68)",-23.436767792982597
"(17, 58)",-63.0,-51.0,-65.0,,-71.0,-66.0,-44.0,-59.0,-74.0,2948,"(10, 50)",-17.142265740347973
"(17, 58)",-72.0,,-60.0,-59.0,,-74.0,-63.0,-52.0,-74.0,2948,"(10, 92)",-22.381181922404096
"(17, 58)",-61.0,-53.0,-61.0,-78.0,-64.0,-70.0,-47.0,-68.0,-81.0,2948,"(10, 50)",-20.89109318947891
"(17, 58)",-74.0,,,-70.0,,,-52.0,-53.0,-71.0,2948,"(6, 90)",-21.053464363356692
"(17, 58)",-67.0,-50.0,-63.0,-77.0,-64.0,-66.0,-51.0,-62.0,-77.0,2948,"(10, 50)",-18.821233448015636
"(17, 58)",-71.0,-60.0,-70.0,,-63.0,-68.0,-48.0,-65.0,-78.0,2948,"(10, 50)",-23.029789144863724
"(17, 58)",-64.0,-51.0,-65.0,,-66.0,-74.0,-48.0,,-82.0,2948,"(14, 32)",-22.76391079673274
"(17, 58)",,-52.0,,,-64.0,-68.0,,-61.0,,2948,"(14, 15)",-19.18083516225661
"(17, 58)",-55.0,-48.0,-55.0,,-76.0,-68.0,-44.0,-66.0,-83.0,2948,"(10, 50)",-18.127749092119263
"(17, 58)",,-48.0,,,-62.0,,-48.0,-74.0,-81.0,2948,"(10, 50)",-19.788335920593525
"(17, 58)",-78.0,-68.0,-55.0,-70.0,,-78.0,-50.0,,-71.0,2948,"(13, 66)",-26.117447312529123
"(17, 58)",-67.0,,-73.0,,-75.0,,,-64.0,-74.0,2948,"(5, 88)",-26.81809623612873
"(17, 58)",,,,-59.0,,,-55.0,-49.0,-72.0,2948,"(9, 108)",-18.80411095711251
"(17, 58)",-61.0,-56.0,-60.0,-69.0,-74.0,,-48.0,,,2948,"(10, 50)",-16.070376197319167
"(17, 58)",-66.0,-51.0,-65.0,,-67.0,,-51.0,-61.0,-82.0,2948,"(10, 50)",-18.560730406833645
"(17, 58)",-70.0,-53.0,,-81.0,-77.0,-74.0,,,-81.0,2948,"(18, 19)",-35.98412968638072
"(17, 58)",-74.0,-53.0,-59.0,,-78.0,-73.0,-49.0,-57.0,-77.0,2948,"(10, 50)",-22.357484197287587
"(17, 58)",-64.0,-54.0,-64.0,-77.0,-66.0,-70.0,-49.0,-60.0,-74.0,2948,"(10, 50)",-19.136887227153867
"(17, 58)",-73.0,-63.0,,,-79.0,,-53.0,-55.0,,2948,"(10, 50)",-22.282915557977862
"(17, 58)",,-60.0,-54.0,-72.0,-78.0,-68.0,-56.0,-62.0,-77.0,2948,"(12, 75)",-22.752428945667557
"(17, 58)",-70.0,-63.0,,,-81.0,,-62.0,,,2948,"(11, 26)",-32.57182392296646
"(17, 58)",,-65.0,-58.0,-61.0,,,-53.0,-52.0,-72.0,2948,"(9, 91)",-16.91984953896048
"(17, 58)",-66.0,-54.0,-63.0,,,-67.0,-53.0,-64.0,-77.0,2948,"(10, 50)",-19.295474689537837
"(17, 58)",-62.0,-65.0,-54.0,-72.0,-77.0,,-45.0,-59.0,-71.0,2948,"(10, 68)",-18.793314814459382
"(17, 58)",-71.0,-63.0,-49.0,,-78.0,-77.0,-59.0,-64.0,-74.0,2948,"(14, 74)",-24.80173290839599
"(17, 58)",-68.0,,-57.0,,-67.0,-67.0,-43.0,-69.0,-75.0,2948,"(10, 68)",-21.281449865706723
"(17, 58)",-64.0,-48.0,-67.0,,-71.0,-64.0,-45.0,-62.0,-81.0,2948,"(10, 50)",-19.370211908040744
"(17, 58)",,,-67.0,,,,,-63.0,-83.0,2948,"(12, 95)",-41.099209982848556
"(17, 58)",-69.0,,,-75.0,,-73.0,,-69.0,,2948,"(11, 40)",-26.713263167258763
"(17, 58)",,-49.0,-70.0,,,,,-64.0,-77.0,2948,"(7, 89)",-21.34788931699559
"(17, 58)",-65.0,-65.0,-67.0,,,-69.0,-45.0,-67.0,-79.0,2948,"(10, 50)",-24.64807717725782
"(17, 58)",-62.0,-50.0,-69.0,,,-68.0,-55.0,-63.0,,2948,"(14, 32)",-17.852597274641994
"(17, 58)",-63.0,-60.0,-51.0,,-79.0,,-47.0,-59.0,-76.0,2948,"(10, 68)",-18.12385362987941
"(17, 58)",,-56.0,-60.0,,,-64.0,-47.0,-64.0,-83.0,2948,"(10, 68)",-21.208651756171925
"(17, 58)",-67.0,,-64.0,-71.0,-77.0,,-50.0,,-73.0,2948,"(10, 68)",-24.794390098165525
"(17, 58)",-61.0,-51.0,-68.0,-82.0,,,-48.0,-67.0,-82.0,2948,"(10, 68)",-23.463620621302244
"(17, 58)",-63.0,,,-75.0,-71.0,-68.0,-42.0,-62.0,,2948,"(9, 50)",-20.64934065839965
"(17, 58)",,-60.0,-55.0,-78.0,,,-59.0,-67.0,-78.0,2948,"(9, 78)",-26.257506948489254
"(17, 58)",-65.0,-57.0,,-77.0,,-69.0,-47.0,-62.0,-75.0,2948,"(10, 50)",-20.834739042311483
"(17, 58)",-65.0,,-65.0,-72.0,-75.0,,,-53.0,-77.0,2948,"(11, 93)",-25.70180052334218
"(17, 58)",-63.0,-52.0,-67.0,-79.0,-72.0,-67.0,,-64.0,,2948,"(13, 31)",-23.52868693143581
"(17, 58)",-57.0,-54.0,,,-66.0,-66.0,-47.0,-61.0,,2948,"(11, 30)",-14.368829769461202
"(17, 58)",,,-55.0,,,,-48.0,-61.0,-87.0,2948,"(10, 68)",-28.338454060773145
"(17, 58)",,-65.0,-53.0,-71.0,,,-58.0,-55.0,-73.0,2948,"(10, 90)",-21.194234399778175
"(17, 58)",-72.0,-61.0,,-77.0,-74.0,-75.0,-41.0,,-77.0,2948,"(10, 50)",-29.305607589498326
"(17, 58)",,,-51.0,,-79.0,,-54.0,,-75.0,2948,"(12, 75)",-27.291910958950695
"(17, 58)",-54.0,,-66.0,-80.0,-68.0,,-55.0,,,2948,"(12, 51)",-19.468752372666007
"(17, 58)",,-52.0,-71.0,-81.0,,,-45.0,-64.0,-76.0,2948,"(10, 68)",-25.32341441577414
"(17, 58)",,-55.0,,,-77.0,-69.0,-43.0,,,2948,"(10, 50)",-25.18724581215804
"(17, 58)",-62.0,-58.0,-59.0,-68.0,,-75.0,-48.0,-61.0,-77.0,2948,"(10, 68)",-19.16043182510092
"(17, 58)",-64.0,-55.0,-60.0,,-64.0,,-43.0,-60.0,-73.0,2948,"(13, 52)",-13.79593415227386
"(17, 58)",-74.0,-66.0,-48.0,-71.0,-83.0,,-64.0,-60.0,-68.0,2948,"(9, 78)",-24.997757706276673
"(17, 58)",-72.0,-66.0,-59.0,-56.0,-79.0,,-55.0,-52.0,-71.0,2948,"(8, 91)",-18.27673714782802
"(17, 58)",,,-61.0,,,,-38.0,,-75.0,2948,"(10, 68)",-27.559203151447214
"(17, 58)",-70.0,,-58.0,-69.0,-83.0,-71.0,-53.0,-55.0,-66.0,2948,"(10, 68)",-21.62857016528429
"(17, 58)",,-58.0,,,-68.0,-70.0,-46.0,-61.0,,2948,"(10, 50)",-18.725847593175256
"(17, 58)",-60.0,-50.0,-64.0,,-62.0,-69.0,-50.0,-68.0,-78.0,2948,"(14, 32)",-18.171779253002295
"(17, 58)",,-60.0,-65.0,,,,-53.0,-65.0,-72.0,2948,"(10, 68)",-21.54937204145303
"(17, 58)",-70.0,-53.0,-63.0,,-72.0,-71.0,-49.0,-68.0,-73.0,2948,"(10, 50)",-22.011018695423
"(17, 58)",,-55.0,-53.0,,-78.0,-74.0,-53.0,-51.0,-70.0,2948,"(10, 69)",-17.44298576844994
"(17, 58)",,-65.0,-52.0,,,,-63.0,,-65.0,2948,"(12, 75)",-19.085373378933813
"(17, 58)",,-51.0,-69.0,,-67.0,-74.0,-46.0,-69.0,-78.0,2948,"(10, 50)",-23.78290109765334
"(17, 58)",,-59.0,-52.0,,,-68.0,-59.0,,-78.0,2948,"(14, 74)",-20.898354129885494
"(17, 58)",-63.0,-49.0,-70.0,,-64.0,-64.0,-48.0,-63.0,-82.0,2948,"(14, 32)",-19.285808187027868
"(17, 58)",-68.0,-64.0,-59.0,-70.0,-76.0,-78.0,-46.0,-55.0,-79.0,2948,"(10, 68)",-23.481644638158112
"(17, 58)",-64.0,-66.0,-55.0,-67.0,-79.0,-75.0,-49.0,-60.0,-73.0,2948,"(10, 68)",-21.40979201598799
"(17, 58)",-65.0,-48.0,,,-69.0,,-53.0,,-78.0,2948,"(11, 29)",-21.828899856123265
"(17, 58)",-59.0,,,,-64.0,-65.0,,,-78.0,2948,"(13, 10)",-27.533325877753175
"(17, 58)",-73.0,,-54.0,,,-85.0,-52.0,-48.0,,2948,"(10, 68)",-21.685549310280543
"(17, 58)",-68.0,,-61.0,,-63.0,,-40.0,-66.0,-74.0,2948,"(10, 68)",-19.799395068271462
"(17, 58)",,-66.0,,,,,-55.0,-59.0,-68.0,2948,"(6, 70)",-18.032298985153844
"(17, 58)",-69.0,-58.0,-62.0,,,-75.0,-50.0,-52.0,-69.0,2948,"(10, 68)",-17.519137964209815
"(17, 58)",-67.0,,,,,-65.0,-47.0,-65.0,-77.0,2948,"(8, 50)",-22.324745196444468
"(17, 58)",-75.0,-57.0,-58.0,-60.0,-80.0,-73.0,-61.0,-50.0,-76.0,2948,"(6, 90)",-20.570793411040984
"(17, 58)",-74.0,-62.0,-52.0,-71.0,-82.0,-75.0,-58.0,-50.0,-62.0,2948,"(10, 77)",-20.71584821450528
"(17, 58)",-53.0,-62.0,-59.0,-73.0,-72.0,-71.0,-48.0,,-86.0,2948,"(10, 50)",-22.55014899045318
"(17, 58)",-67.0,-57.0,,-71.0,-78.0,-71.0,,,-74.0,2948,"(18, 20)",-27.98518852824344
"(17, 58)",-73.0,-60.0,,,,-76.0,-63.0,,-75.0,2948,"(14, 32)",-30.212819901584304
"(17, 58)",-75.0,-59.0,,-60.0,-78.0,-73.0,-53.0,-51.0,,2948,"(10, 50)",-18.527285816240482
"(17, 58)",-70.0,-52.0,-67.0,-81.0,-66.0,-70.0,-39.0,-59.0,-70.0,2948,"(10, 50)",-20.41094582999105
"(17, 58)",-66.0,-48.0,,,-70.0,-66.0,-51.0,-66.0,,2948,"(12, 30)",-20.239216711785545
"(17, 58)",,-50.0,-66.0,,-63.0,-72.0,-48.0,,-87.0,2948,"(10, 50)",-24.27349699981145
"(17, 58)",-69.0,-63.0,-55.0,-67.0,-78.0,,-51.0,-55.0,-70.0,2948,"(10, 68)",-18.203538500182827
"(17, 58)",-69.0,-59.0,-67.0,,,-68.0,-51.0,-70.0,-77.0,2948,"(10, 50)",-24.30902535111973
"(17, 58)",-73.0,-63.0,-58.0,-73.0,-78.0,,-47.0,,-77.0,2948,"(13, 66)",-25.70968254931286
"(17, 58)",-73.0,-65.0,-50.0,-68.0,-81.0,-84.0,-51.0,-56.0,-73.0,2948,"(12, 75)",-24.4779942910531
"(17, 58)",,,-45.0,,,,-49.0,-56.0,-75.0,2948,"(8, 87)",-19.063022701787673
"(17, 58)",,,-59.0,,,,-48.0,-61.0,-80.0,2948,"(10, 68)",-25.91678069178776
"(17, 58)",-65.0,-63.0,-48.0,,-78.0,-80.0,-48.0,-55.0,-70.0,2948,"(10, 68)",-19.594754263608195
"(17, 58)",-67.0,-59.0,-55.0,-69.0,,,-42.0,-58.0,-73.0,2948,"(10, 68)",-16.146997805843032
"(17, 58)",,-50.0,-66.0,,-63.0,-64.0,,-64.0,,2948,"(12, 30)",-18.21108652638347
"(17, 58)",,-53.0,-63.0,,,,-52.0,-62.0,-75.0,2948,"(10, 68)",-18.206532066107194
"(17, 58)",,-51.0,,-76.0,,-63.0,-50.0,,-83.0,2948,"(10, 50)",-23.47531605927947
"(17, 58)",-61.0,-62.0,-64.0,,-68.0,-70.0,,-66.0,-75.0,2948,"(13, 32)",-22.010119985201126
"(17, 58)",-54.0,,-57.0,,-76.0,-68.0,-48.0,-72.0,-81.0,2948,"(11, 67)",-22.554279212644257
"(17, 58)",,-60.0,-54.0,,,,-56.0,-49.0,-75.0,2948,"(8, 91)",-16.22212792486394
"(17, 58)",-58.0,-67.0,-66.0,-83.0,-66.0,-69.0,,-63.0,-79.0,2948,"(12, 33)",-24.23037629265306
"(17, 58)",-56.0,-55.0,-58.0,-76.0,-71.0,,-51.0,-65.0,-81.0,2948,"(13, 66)",-18.78860703844069
"(17, 58)",,-67.0,-68.0,-72.0,,-81.0,-47.0,-56.0,-78.0,2948,"(10, 68)",-27.791967904195996
"(17, 58)",-68.0,-62.0,-63.0,-70.0,,,-67.0,-58.0,-78.0,2948,"(8, 88)",-22.989539778616454
"(17, 58)",-55.0,,-63.0,,-68.0,,-52.0,,-81.0,2948,"(10, 50)",-19.23453941538289
"(17, 58)",-71.0,-57.0,-61.0,-75.0,-78.0,,,-56.0,-77.0,2948,"(10, 92)",-23.472749503859045
"(17, 58)",,-63.0,-61.0,,-79.0,-77.0,-54.0,-51.0,-74.0,2948,"(10, 68)",-23.45466939478052
"(17, 58)",-71.0,,-66.0,-80.0,-75.0,-67.0,-46.0,-58.0,,2948,"(10, 68)",-24.99533767081061
"(17, 58)",-71.0,-62.0,-57.0,-58.0,-84.0,-78.0,-57.0,-50.0,-75.0,2948,"(8, 91)",-21.400693276039593
"(17, 58)",-69.0,-53.0,-66.0,,-74.0,,-52.0,-62.0,-75.0,2948,"(13, 52)",-20.248735397653007
"(17, 58)",-68.0,-57.0,-63.0,,-63.0,-68.0,-39.0,-62.0,-73.0,2948,"(10, 50)",-18.09930142091434
"(17, 58)",,,-55.0,-62.0,,,,-50.0,-74.0,2948,"(13, 103)",-25.06780575549338
"(17, 58)",,,-59.0,,-78.0,,-44.0,-61.0,-77.0,2948,"(10, 68)",-26.52021228283742
"(17, 58)",,,,-70.0,,,,-57.0,-71.0,2948,"(7, 109)",-35.297657565968606
"(17, 58)",-65.0,,-67.0,-77.0,-68.0,,-50.0,-63.0,,2948,"(10, 68)",-21.944380856165576
"(17, 58)",-66.0,-49.0,-59.0,-79.0,-73.0,,-59.0,,-75.0,2948,"(14, 32)",-21.946535862491956
"(17, 58)",-64.0,-44.0,-69.0,,-76.0,-62.0,-48.0,-64.0,-78.0,2948,"(14, 32)",-20.646090492667003
"(17, 58)",-76.0,-58.0,,,-77.0,-71.0,-57.0,,-70.0,2948,"(14, 32)",-28.36905928527711
"(17, 58)",-53.0,-46.0,-58.0,,-78.0,-67.0,-45.0,-65.0,-79.0,2948,"(10, 50)",-16.85631427134324
"(17, 58)",-60.0,,-69.0,,-66.0,,-49.0,-68.0,-76.0,2948,"(10, 68)",-21.238087798789458
"(17, 58)",,-50.0,-63.0,-74.0,-64.0,,-46.0,-70.0,-77.0,2948,"(10, 68)",-19.986795399805604
"(17, 58)",-73.0,-62.0,-60.0,,-85.0,-75.0,-57.0,-53.0,,2948,"(10, 50)",-24.49097800145729
"(17, 58)",-66.0,-55.0,-66.0,,-69.0,-72.0,-40.0,-69.0,-80.0,2948,"(10, 50)",-23.706180539400698
"(17, 58)",-68.0,-56.0,,,-67.0,-72.0,-46.0,,,2948,"(12, 30)",-21.973648438568283
"(17, 58)",,,-50.0,,-82.0,,-53.0,-57.0,-69.0,2948,"(8, 87)",-22.949889552287118
"(17, 58)",-67.0,-53.0,,-78.0,,-71.0,,,,2948,"(18, 16)",-30.88123071163207
"(17, 58)",-70.0,-52.0,-64.0,-74.0,-68.0,-77.0,-38.0,-65.0,-73.0,2948,"(13, 52)",-21.86760362244851
"(17, 58)",-69.0,-58.0,,,-75.0,-72.0,-47.0,-61.0,-76.0,2948,"(10, 50)",-23.520381068827714
"(17, 58)",-57.0,-53.0,-57.0,,-69.0,-67.0,-48.0,-57.0,-83.0,2948,"(10, 50)",-15.995439164508566
"(17, 58)",-59.0,-57.0,,,-72.0,,,-63.0,-79.0,2948,"(15, 14)",-21.913130142726505
"(17, 58)",-67.0,-56.0,-48.0,,-83.0,-70.0,-50.0,-55.0,-70.0,2948,"(10, 68)",-17.37154990377778
"(17, 58)",-58.0,-50.0,-61.0,,-75.0,,-42.0,-66.0,-80.0,2948,"(13, 52)",-18.10647965761302
"(17, 58)",-71.0,-52.0,-64.0,,-67.0,-70.0,-38.0,-67.0,-70.0,2948,"(10, 50)",-19.806893072654237
"(17, 58)",-72.0,-60.0,-48.0,,-81.0,,-50.0,-55.0,-74.0,2948,"(12, 75)",-19.515798152422267
"(17, 58)",-68.0,-61.0,-59.0,,-78.0,-71.0,-44.0,-61.0,-78.0,2948,"(10, 50)",-23.387274244869648
"(17, 58)",-56.0,-58.0,-66.0,,-63.0,-60.0,-58.0,-67.0,-79.0,2948,"(11, 30)",-18.93547527596155
"(17, 58)",-63.0,-50.0,-62.0,,-74.0,-68.0,-57.0,-64.0,-74.0,2948,"(14, 32)",-20.010076332270216
"(17, 58)",-64.0,,-66.0,,-75.0,,-50.0,-67.0,-80.0,2948,"(10, 68)",-26.335017284806042
"(17, 58)",-66.0,-55.0,-47.0,-66.0,-79.0,-72.0,-50.0,-53.0,-67.0,2948,"(12, 75)",-15.259754352996818
"(17, 58)",-67.0,-52.0,-63.0,,-68.0,,-44.0,,,2948,"(10, 50)",-16.172014680249664
"(17, 58)",-56.0,,,,-71.0,,-44.0,-69.0,,2948,"(10, 50)",-16.492865899032676
"(17, 58)",-80.0,,-52.0,,-75.0,-76.0,-50.0,-68.0,-71.0,2948,"(10, 68)",-27.43746466449605
"(17, 58)",,-62.0,-51.0,,-80.0,-78.0,-55.0,-56.0,-76.0,2948,"(12, 75)",-24.209017150192
"(17, 58)",,-64.0,-51.0,,,,-57.0,-62.0,-78.0,2948,"(10, 77)",-22.731005365715504
"(17, 58)",-64.0,-56.0,-66.0,-72.0,-68.0,-66.0,-51.0,,-79.0,2948,"(10, 50)",-21.34554617871083
"(17, 58)",-68.0,-52.0,-66.0,,-80.0,-76.0,-53.0,-58.0,-75.0,2948,"(10, 50)",-23.05897443821462
"(17, 58)",-65.0,-54.0,-68.0,,-70.0,-65.0,-46.0,-64.0,-80.0,2948,"(10, 50)",-21.258442244773732
"(17, 58)",-63.0,-49.0,-63.0,,-67.0,,-47.0,-61.0,-76.0,2948,"(10, 50)",-14.86523262909686
"(17, 58)",-54.0,-50.0,-58.0,,-71.0,-67.0,-43.0,-70.0,-81.0,2948,"(10, 50)",-17.98033859337569
"(17, 58)",-63.0,-60.0,-64.0,,-82.0,-72.0,-45.0,-53.0,-78.0,2948,"(10, 50)",-22.30216863412442
"(17, 58)",-73.0,-59.0,-55.0,,-77.0,-79.0,-58.0,,-69.0,2948,"(10, 50)",-24.60925127759997
"(17, 58)",,-63.0,,-67.0,,,-55.0,-55.0,,2948,"(8, 70)",-14.486593835619997
"(17, 58)",-60.0,,-62.0,-79.0,-69.0,,-44.0,-58.0,-82.0,2948,"(10, 68)",-22.63348174909672
"(17, 58)",-73.0,-64.0,-65.0,-73.0,-79.0,-78.0,-38.0,,-78.0,2948,"(10, 50)",-30.11724511166827
"(17, 58)",-52.0,-47.0,,,-69.0,-68.0,,-62.0,,2948,"(16, 14)",-20.274644485549253
"(17, 58)",-72.0,-69.0,-50.0,,-78.0,,-49.0,-59.0,-72.0,2948,"(10, 68)",-21.675855075674537
"(17, 58)",,-63.0,-63.0,-69.0,-74.0,-82.0,,-54.0,,2948,"(8, 91)",-24.279673909170647
"(17, 58)",-70.0,-64.0,-61.0,,-76.0,,-42.0,-57.0,-77.0,2948,"(10, 68)",-22.266082750393267
"(17, 58)",,-65.0,-47.0,,,,,-54.0,-77.0,2948,"(10, 90)",-22.831379721001934
"(17, 58)",-65.0,-57.0,-62.0,,,-61.0,-52.0,-68.0,,2948,"(10, 48)",-16.964191428120007
"(17, 58)",,,-55.0,-60.0,-78.0,,-52.0,-50.0,-74.0,2948,"(10, 92)",-20.026949386231422
"(17, 58)",-64.0,-53.0,-64.0,-81.0,-67.0,-65.0,-45.0,-61.0,,2948,"(10, 50)",-18.63345040232963
"(17, 58)",-52.0,-52.0,-57.0,,-67.0,-70.0,-45.0,-66.0,-81.0,2948,"(10, 50)",-16.38448485134399
"(17, 58)",-63.0,-51.0,,,-67.0,-66.0,-50.0,-63.0,,2948,"(12, 30)",-17.08476364754615
"(17, 58)",-69.0,-53.0,-60.0,-71.0,-79.0,-74.0,-55.0,-62.0,,2948,"(10, 50)",-21.295508185562174
"(17, 58)",,-64.0,-50.0,-69.0,,,-49.0,-53.0,-67.0,2948,"(10, 90)",-15.266595810153863
"(17, 58)",,,-51.0,-68.0,-81.0,-74.0,-54.0,-53.0,-71.0,2948,"(8, 87)",-23.437109578929608
"(17, 58)",-68.0,,-62.0,,-78.0,-74.0,-49.0,-58.0,,2948,"(11, 67)",-23.533720921033016
"(17, 58)",-65.0,,-61.0,,-66.0,-67.0,-49.0,-66.0,-81.0,2948,"(10, 50)",-21.876779932416373
"(17, 58)",,,,-66.0,,,,-57.0,-69.0,2948,"(7, 109)",-31.590412407891588
"(17, 58)",-61.0,-52.0,-70.0,,-76.0,,-53.0,,-76.0,2948,"(14, 32)",-22.277853983285933
"(17, 58)",,,,,,-67.0,-45.0,-58.0,-75.0,2948,"(4, 68)",-21.22829514941868
"(17, 58)",,,-52.0,-72.0,,,,-50.0,-73.0,2948,"(13, 96)",-28.13401303803842
"(17, 58)",-56.0,,,,-72.0,-70.0,,-68.0,,2948,"(16, 12)",-27.342259684172735
"(17, 58)",-68.0,-60.0,-56.0,-61.0,,-73.0,-57.0,,-71.0,2948,"(12, 67)",-17.81032527932339
"(17, 58)",-54.0,-45.0,-65.0,,-68.0,-67.0,-49.0,-66.0,-83.0,2948,"(14, 32)",-18.781906268533174
"(17, 58)",-53.0,-54.0,-58.0,,-70.0,-70.0,-48.0,-69.0,-79.0,2948,"(10, 50)",-18.178909049930706
"(17, 58)",,,-62.0,,,,-40.0,-59.0,-80.0,2948,"(10, 68)",-26.133936048929964
"(17, 58)",-63.0,-57.0,-64.0,,-70.0,,,,-82.0,2948,"(14, 16)",-25.72472630078719
"(17, 58)",-71.0,-62.0,-58.0,-67.0,-74.0,,-48.0,-58.0,-78.0,2948,"(10, 68)",-20.600044395958744
"(17, 58)",-66.0,,-53.0,-81.0,-79.0,,-53.0,,-74.0,2948,"(10, 68)",-26.34890000734585
"(17, 58)",,-55.0,-58.0,-78.0,-76.0,-72.0,-54.0,-57.0,-75.0,2948,"(10, 68)",-22.335866539309603
"(17, 58)",-72.0,,-50.0,-65.0,-76.0,,-57.0,-59.0,-69.0,2948,"(8, 87)",-20.90830025351004
"(17, 58)",-65.0,-60.0,-49.0,-68.0,-79.0,-72.0,-50.0,-60.0,-82.0,2948,"(10, 68)",-21.02385395414402
"(17, 58)",-60.0,-59.0,-59.0,,-73.0,-65.0,-49.0,-67.0,-80.0,2948,"(10, 50)",-20.574673161301895
"(17, 58)",-64.0,-58.0,-63.0,-76.0,-66.0,-66.0,-41.0,-59.0,-71.0,2948,"(10, 50)",-17.79182436541437
"(17, 58)",-52.0,-53.0,-59.0,-79.0,-69.0,-69.0,,,-79.0,2948,"(16, 14)",-22.43823340393385
"(17, 58)",,,-56.0,-71.0,,,-47.0,-68.0,-75.0,2948,"(10, 68)",-24.800585730756044
"(17, 58)",-65.0,-56.0,-52.0,-69.0,,-74.0,-47.0,-63.0,-72.0,2948,"(10, 68)",-17.447417628510284
"(17, 58)",-68.0,-51.0,-59.0,,,-69.0,-50.0,-63.0,-82.0,2948,"(13, 52)",-19.86793692761331
"(17, 58)",-67.0,,-65.0,,-76.0,,-47.0,-61.0,-73.0,2948,"(10, 68)",-23.30456734403409
"(17, 58)",-67.0,-68.0,-52.0,-75.0,-78.0,,-57.0,,-73.0,2948,"(14, 74)",-24.097983833566033
"(17, 58)",-63.0,-58.0,-63.0,-68.0,-76.0,-75.0,-45.0,-52.0,-77.0,2948,"(10, 68)",-19.642652532128817
"(17, 58)",-66.0,-52.0,-65.0,,-78.0,-71.0,-51.0,-58.0,-75.0,2948,"(10, 50)",-20.830083270641353
"(17, 58)",,-48.0,-64.0,,-59.0,-67.0,,,,2948,"(14, 15)",-20.53306870294415
"(17, 58)",-71.0,-60.0,,-70.0,-83.0,-74.0,-63.0,,-78.0,2948,"(14, 32)",-30.490023739621677
"(17, 58)",,-61.0,,,-77.0,-71.0,-64.0,-60.0,,2948,"(11, 36)",-25.39568897427602
"(17, 58)",,,-65.0,,,,-46.0,-73.0,-80.0,2948,"(10, 68)",-34.40238944922373
"(17, 58)",-69.0,-64.0,-69.0,-61.0,-78.0,,-59.0,-56.0,-76.0,2948,"(9, 72)",-21.515654298664046
"(17, 58)",-54.0,-48.0,-58.0,,-73.0,-65.0,-43.0,-66.0,-84.0,2948,"(10, 50)",-17.456822397781174
"(17, 58)",,,,-77.0,,-74.0,-37.0,,,2948,"(8, 50)",-33.21542153866417
"(17, 58)",-74.0,-65.0,-59.0,,-78.0,-75.0,-54.0,-51.0,-73.0,2948,"(10, 68)",-23.019246525306567
"(17, 58)",-54.0,-51.0,,,,-71.0,,,-76.0,2948,"(17, 14)",-25.05152795840664
"(17, 58)",,-65.0,-59.0,-58.0,,,,-50.0,-79.0,2948,"(13, 96)",-22.058618841731857
"(17, 58)",-72.0,-56.0,-66.0,,-64.0,-66.0,-40.0,,-70.0,2948,"(10, 50)",-19.885545431718246
"(17, 58)",-70.0,-61.0,-45.0,-72.0,-78.0,,-54.0,-55.0,-75.0,2948,"(12, 75)",-20.458859964321825
"(17, 58)",-51.0,-46.0,-67.0,,-71.0,-65.0,-52.0,-64.0,-80.0,2948,"(14, 32)",-18.216516843254798
"(17, 58)",-71.0,-60.0,-60.0,-58.0,-86.0,-79.0,-55.0,-50.0,-78.0,2948,"(6, 90)",-22.269002280469564
"(17, 58)",-70.0,-53.0,-64.0,-72.0,-69.0,-61.0,-49.0,-63.0,-80.0,2948,"(10, 50)",-20.061643645032365
"(17, 58)",-69.0,-64.0,-51.0,-73.0,,-70.0,-56.0,-60.0,-72.0,2948,"(12, 75)",-20.511157000693533
"(17, 58)",-62.0,-63.0,-62.0,-76.0,-65.0,-66.0,-41.0,-58.0,-71.0,2948,"(10, 50)",-17.660596813096458
"(17, 58)",-58.0,,,,-66.0,-76.0,-48.0,,,2948,"(15, 12)",-20.90336841328893
"(17, 58)",,-62.0,-66.0,-72.0,,,-42.0,-60.0,-74.0,2948,"(10, 68)",-22.334026369723954
"(17, 58)",-63.0,-50.0,,-85.0,-72.0,-66.0,-40.0,-63.0,-77.0,2948,"(10, 50)",-22.198488662155956
"(17, 58)",-68.0,-57.0,,,-82.0,-77.0,-50.0,-53.0,,2948,"(10, 50)",-23.001667079465854
"(17, 58)",,,-49.0,-68.0,-79.0,,-51.0,-53.0,-67.0,2948,"(10, 90)",-20.082265070577417
"(17, 58)",-72.0,-56.0,-66.0,,-72.0,,-41.0,-57.0,-79.0,2948,"(13, 52)",-21.08845753148962
"(17, 58)",,,-54.0,-74.0,,,,-59.0,-70.0,2948,"(13, 92)",-29.722519633165437
"(17, 58)",-58.0,-51.0,-57.0,,-68.0,-66.0,-45.0,,-77.0,2948,"(10, 50)",-15.74955340469855
"(17, 58)",-70.0,-63.0,-55.0,-74.0,-72.0,-70.0,-60.0,-61.0,-71.0,2948,"(12, 75)",-21.346432675531403
"(17, 58)",,-65.0,-60.0,,,,-58.0,-58.0,-76.0,2948,"(8, 79)",-22.09426673392796
"(17, 58)",-70.0,-63.0,-69.0,,-77.0,-79.0,-41.0,,-77.0,2948,"(10, 50)",-30.78382229219126
"(17, 58)",,-65.0,-55.0,-73.0,,,-56.0,-57.0,-70.0,2948,"(10, 90)",-20.736300753936483
"(17, 58)",-75.0,,-52.0,-72.0,-79.0,-73.0,-52.0,-69.0,-75.0,2948,"(12, 75)",-27.390257359698285
"(17, 58)",-56.0,-55.0,-62.0,-83.0,-67.0,-66.0,-51.0,-61.0,-77.0,2948,"(10, 50)",-19.051919690276513
"(17, 58)",,-58.0,,-58.0,-81.0,,-56.0,-50.0,-72.0,2948,"(6, 90)",-16.610831567865013
"(17, 58)",-67.0,,-58.0,,-76.0,-65.0,-44.0,-59.0,-73.0,2948,"(10, 68)",-20.268235224148
"(17, 58)",-70.0,-59.0,-61.0,-57.0,-74.0,,,-53.0,-77.0,2948,"(11, 92)",-17.871270530122732
"(17, 58)",,-63.0,-53.0,-73.0,-78.0,-71.0,-59.0,-52.0,-64.0,2948,"(8, 80)",-19.95856190281742
"(17, 58)",-64.0,,-68.0,-83.0,-65.0,-67.0,-50.0,-66.0,-82.0,2948,"(10, 68)",-26.040032791993355
"(17, 58)",,,-68.0,,-67.0,,-39.0,,-80.0,2948,"(10, 68)",-28.608211153690593
"(17, 58)",-66.0,-58.0,-54.0,,-73.0,,-62.0,-62.0,-75.0,2948,"(12, 70)",-19.128224341955196
"(17, 58)",-71.0,-63.0,-53.0,-70.0,-83.0,,-50.0,-57.0,-74.0,2948,"(10, 68)",-21.859357619159145
"(17, 58)",-68.0,-61.0,-62.0,,-84.0,-69.0,-56.0,-62.0,-76.0,2948,"(10, 50)",-24.78469064671984
"(17, 58)",-62.0,-48.0,-67.0,,-70.0,-68.0,-53.0,-66.0,-78.0,2948,"(14, 32)",-20.97761643840399
"(17, 58)",,-55.0,-52.0,,,,-61.0,-51.0,-72.0,2948,"(8, 88)",-14.760423551154975
"(17, 58)",-68.0,-55.0,-52.0,,-77.0,-80.0,-57.0,,-73.0,2948,"(17, 33)",-23.21726436065121
"(17, 58)",,-63.0,,-69.0,,-65.0,-52.0,,-79.0,2948,"(10, 50)",-23.396352848803758
"(17, 58)",,-63.0,-69.0,-75.0,,,-39.0,-54.0,-78.0,2948,"(10, 68)",-24.037688960270668
"(17, 58)",,-65.0,-61.0,-60.0,,-73.0,-61.0,-57.0,-74.0,2948,"(9, 89)",-21.006343687058255
"(17, 58)",-75.0,-62.0,,-79.0,-75.0,-71.0,-52.0,-60.0,-77.0,2948,"(10, 50)",-26.99660325895105
"(17, 58)",-71.0,-64.0,-61.0,-75.0,,,-44.0,-67.0,-72.0,2948,"(10, 68)",-23.707429817795372
"(17, 58)",,-62.0,-59.0,-60.0,,-70.0,-59.0,-57.0,,2948,"(10, 75)",-16.37705666052251
"(17, 58)",-62.0,-46.0,,,-77.0,-66.0,-49.0,,-76.0,2948,"(12, 30)",-23.19706861410713
"(17, 58)",-73.0,-48.0,-63.0,,-70.0,-65.0,-53.0,-65.0,-78.0,2948,"(14, 32)",-21.57394390037963
"(17, 58)",-59.0,-52.0,,,-72.0,-66.0,-50.0,,,2948,"(14, 15)",-21.055970204099516
"(17, 58)",-65.0,-59.0,-55.0,-71.0,-72.0,-72.0,-61.0,,-74.0,2948,"(12, 41)",-21.265400276997873
"(17, 58)",-68.0,-54.0,-66.0,,-73.0,-68.0,-53.0,-60.0,-77.0,2948,"(10, 50)",-21.126252089136813
"(17, 58)",-68.0,,-54.0,,-80.0,,-53.0,,-72.0,2948,"(10, 68)",-23.514330672268727
"(17, 58)",-67.0,-62.0,-74.0,,-72.0,,-51.0,-70.0,-86.0,2948,"(10, 50)",-28.990737511850778
"(17, 58)",-64.0,-54.0,-60.0,-77.0,-75.0,-66.0,-59.0,-58.0,-78.0,2948,"(11, 50)",-20.51195274737689
"(17, 58)",-74.0,-67.0,-62.0,-68.0,-81.0,-70.0,-55.0,-61.0,-76.0,2948,"(10, 68)",-25.4355755242987
"(17, 58)",-65.0,-47.0,-60.0,,-73.0,-67.0,-41.0,-59.0,-78.0,2948,"(10, 50)",-17.458121205869656
"(17, 58)",,-62.0,-53.0,,,,-59.0,-63.0,-67.0,2948,"(9, 78)",-18.302650837135086
"(17, 58)",-69.0,,-51.0,-68.0,-77.0,-68.0,-57.0,-57.0,-74.0,2948,"(9, 78)",-21.294560949752686
"(17, 58)",-58.0,-59.0,,,-71.0,-67.0,-51.0,,,2948,"(15, 14)",-21.73370114295645
"(17, 58)",,,-47.0,,-85.0,,,-63.0,,2948,"(8, 87)",-35.109575668698156
"(17, 58)",,-59.0,,,,,-57.0,,-71.0,2948,"(11, 50)",-18.96135099166835
"(17, 58)",-60.0,-51.0,-60.0,,-65.0,,-49.0,-60.0,-83.0,2948,"(10, 50)",-15.064102501033569
"(17, 58)",-65.0,-59.0,,-70.0,,,-47.0,-52.0,-74.0,2948,"(10, 68)",-14.247995191525138
"(17, 58)",-53.0,-45.0,-69.0,,-66.0,-65.0,-51.0,-64.0,-73.0,2948,"(14, 32)",-15.889096989848497
"(17, 58)",-68.0,-59.0,-70.0,-58.0,,,-51.0,-53.0,-73.0,2948,"(7, 90)",-15.325364114507627
"(17, 58)",,-63.0,-49.0,,,,-55.0,-63.0,-69.0,2948,"(9, 78)",-18.27806469374351
"(17, 58)",-71.0,-58.0,-61.0,-62.0,,-75.0,-56.0,-57.0,-74.0,2948,"(10, 72)",-19.087078494396543
"(17, 58)",-58.0,-49.0,-70.0,,,,-50.0,-66.0,-81.0,2948,"(13, 52)",-18.052524966390383
"(17, 58)",-66.0,-56.0,-54.0,,-83.0,-74.0,-51.0,-56.0,-68.0,2948,"(11, 67)",-18.839088458062918
"(17, 58)",-62.0,-57.0,,,-69.0,,,-65.0,-75.0,2948,"(13, 15)",-21.007670532860438
"(17, 58)",-66.0,-49.0,-64.0,-83.0,-61.0,-67.0,-51.0,-62.0,-85.0,2948,"(14, 32)",-21.726890351886517
"(17, 58)",-74.0,-65.0,-57.0,-63.0,-79.0,-70.0,-65.0,-55.0,-72.0,2948,"(10, 76)",-21.96280779826525
"(17, 58)",-57.0,-55.0,-60.0,,-68.0,-67.0,-55.0,-62.0,-80.0,2948,"(13, 33)",-17.891746819557156
"(17, 58)",,-63.0,-48.0,-71.0,,,-51.0,-57.0,-69.0,2948,"(10, 90)",-17.58101593201264
"(17, 58)",-51.0,-50.0,-66.0,,-66.0,,,,-75.0,2948,"(16, 14)",-18.618471183322256
"(17, 58)",-64.0,-51.0,-63.0,,-67.0,,-46.0,-60.0,-76.0,2948,"(13, 52)",-15.347750325902055
"(17, 58)",,-62.0,-58.0,,,-77.0,,-53.0,-75.0,2948,"(8, 91)",-23.73241169569159
"(17, 58)",-63.0,-46.0,-68.0,,-61.0,,,-64.0,,2948,"(14, 15)",-17.229203942404453
"(17, 58)",,-65.0,-57.0,,-80.0,-68.0,-48.0,-61.0,-71.0,2948,"(10, 68)",-22.634386941058292
"(17, 58)",-73.0,,-56.0,-61.0,-81.0,-71.0,-62.0,-53.0,-69.0,2948,"(8, 91)",-22.094231408699557
"(17, 58)",-70.0,,-66.0,-74.0,-64.0,-68.0,-47.0,,,2948,"(10, 50)",-22.837274754534498
"(17, 58)",,,-55.0,,,,-49.0,-66.0,-75.0,2948,"(10, 68)",-23.906318666629016
"(17, 58)",-67.0,-60.0,-46.0,-71.0,-82.0,-77.0,-53.0,,-72.0,2948,"(14, 74)",-22.855486942264413
"(17, 58)",,-59.0,,,-75.0,-67.0,,-61.0,,2948,"(12, 31)",-24.008276004888522
"(17, 58)",,-60.0,-58.0,-61.0,,,-60.0,-57.0,-67.0,2948,"(10, 91)",-16.747641548992743
"(17, 58)",-64.0,-54.0,-64.0,,-73.0,-73.0,-47.0,-73.0,-77.0,2948,"(10, 50)",-23.92990898157574
"(17, 58)",,-59.0,-53.0,-67.0,-81.0,,-54.0,,-70.0,2948,"(12, 75)",-20.064612431166047
"(17, 58)",,,-63.0,,,,-39.0,-52.0,-75.0,2948,"(10, 68)",-20.12427984563445
"(17, 58)",,-57.0,-69.0,-56.0,,,-50.0,-54.0,-70.0,2948,"(9, 91)",-14.196085115253943
"(17, 58)",,-56.0,,-64.0,,,-55.0,,-70.0,2948,"(11, 68)",-13.98240226589946
"(17, 58)",-57.0,-58.0,-66.0,,-65.0,-70.0,-46.0,-64.0,-82.0,2948,"(10, 50)",-20.093784893914975
"(17, 58)",,-56.0,-68.0,,-65.0,-68.0,-44.0,,-75.0,2948,"(10, 50)",-21.662803506155694
"(17, 58)",-65.0,,-57.0,-85.0,,-70.0,-40.0,,-79.0,2948,"(10, 68)",-28.047097574494416
"(17, 58)",-64.0,-48.0,-61.0,,-66.0,-66.0,-45.0,-63.0,-78.0,2948,"(10, 50)",-16.71525253647048
"(17, 58)",,,-58.0,-66.0,,,-56.0,-51.0,-69.0,2948,"(11, 93)",-20.762542747332713
"(17, 58)",-58.0,-51.0,-60.0,,-67.0,-70.0,,-59.0,-77.0,2948,"(13, 31)",-17.535480938528586
"(17, 58)",,,-53.0,,,-78.0,-60.0,-58.0,-64.0,2948,"(8, 87)",-23.029671761960262
"(17, 58)",-57.0,-62.0,-59.0,,,-67.0,-49.0,,-73.0,2948,"(10, 50)",-16.957654632954643
"(17, 58)",-65.0,,-57.0,,,,,-55.0,,2948,"(9, 89)",-15.031734457375464
"(17, 58)",,-60.0,,,,,-46.0,-66.0,-70.0,2948,"(9, 68)",-18.523624612693844
"(17, 58)",-64.0,,-60.0,,,-67.0,-42.0,-59.0,-76.0,2948,"(10, 68)",-19.45221428421347
"(17, 58)",-63.0,-52.0,-63.0,,-65.0,-69.0,-44.0,-67.0,-80.0,2948,"(10, 50)",-19.62858171596009
"(17, 58)",-67.0,-52.0,-59.0,,-65.0,-67.0,-42.0,-59.0,-80.0,2948,"(10, 50)",-17.355177531694558
"(17, 58)",-76.0,,-52.0,-72.0,-80.0,,-61.0,-63.0,-68.0,2948,"(8, 87)",-26.811679404742026
"(17, 58)",,-57.0,-60.0,-77.0,,,-39.0,-54.0,-72.0,2948,"(10, 68)",-18.467677260339592
"(17, 58)",-72.0,-53.0,,,-83.0,-82.0,,-52.0,-69.0,2948,"(17, 33)",-25.742991434526637
"(17, 58)",,-54.0,-61.0,,-65.0,-67.0,-48.0,-62.0,-76.0,2948,"(10, 50)",-17.59070921568504
"(17, 58)",-69.0,,-53.0,-68.0,-73.0,,-49.0,-61.0,-69.0,2948,"(10, 68)",-18.499507028646793
"(17, 58)",-64.0,-56.0,-64.0,,-76.0,-76.0,-53.0,-69.0,-82.0,2948,"(10, 50)",-26.052869348957465
"(17, 58)",,-58.0,-64.0,,-73.0,,-39.0,-61.0,-69.0,2948,"(10, 68)",-18.964000288335782
"(17, 58)",-64.0,,,-75.0,-80.0,-76.0,-48.0,,-72.0,2948,"(10, 50)",-28.49858276598092
"(17, 58)",,,-52.0,-70.0,,,-59.0,-63.0,-69.0,2948,"(10, 90)",-24.655157772429696
"(17, 58)",-63.0,-51.0,-53.0,-73.0,-77.0,,-50.0,-54.0,-82.0,2948,"(10, 68)",-17.466165630992943
"(17, 58)",,,-57.0,,-73.0,,-47.0,-65.0,-72.0,2948,"(10, 68)",-22.964292105052333
"(17, 58)",,,-53.0,-67.0,,,-61.0,-54.0,-66.0,2948,"(10, 90)",-20.70309052702478
"(17, 58)",-62.0,-55.0,-55.0,,-76.0,,-51.0,,-74.0,2948,"(10, 50)",-17.33948688019867
"(17, 58)",-54.0,-50.0,-70.0,,-73.0,-70.0,-49.0,-64.0,-72.0,2948,"(14, 32)",-17.95710219361202
"(17, 58)",-64.0,,-64.0,,-67.0,,-50.0,-62.0,-78.0,2948,"(10, 68)",-20.71961558059121
"(17, 58)",,-52.0,-65.0,,-67.0,,-45.0,-58.0,-80.0,2948,"(10, 68)",-17.943594649754914
"(17, 58)",-62.0,-58.0,-69.0,,-66.0,-73.0,-48.0,,-80.0,2948,"(10, 50)",-23.698300080571016
"(17, 58)",,-55.0,,,,-71.0,-45.0,-55.0,-76.0,2948,"(10, 50)",-17.329696393191384
"(17, 58)",-64.0,-55.0,-70.0,,-68.0,,-46.0,-60.0,-80.0,2948,"(10, 50)",-19.618087904033242
"(17, 58)",-56.0,-53.0,-57.0,-71.0,,-69.0,-50.0,-64.0,-80.0,2948,"(10, 68)",-16.78049912008912
"(17, 58)",-53.0,-56.0,,-75.0,-68.0,,-50.0,-60.0,-81.0,2948,"(10, 50)",-16.46262420280628
"(17, 58)",-69.0,-58.0,-57.0,-63.0,-77.0,-79.0,-59.0,-50.0,-70.0,2948,"(10, 75)",-18.93611321343388
"(17, 58)",,,-58.0,-75.0,,,-45.0,-59.0,-71.0,2948,"(10, 68)",-22.045047934330462
"(17, 58)",-65.0,-49.0,-63.0,,-64.0,-65.0,-42.0,-60.0,-75.0,2948,"(10, 50)",-15.382008218682845
"(17, 58)",-75.0,-65.0,-57.0,-71.0,-78.0,-75.0,-63.0,-53.0,-76.0,2948,"(12, 75)",-24.882614230263503
"(17, 58)",,-59.0,-64.0,,-78.0,,-50.0,-67.0,-68.0,2948,"(10, 68)",-22.585710457699964
"(17, 58)",,-55.0,-65.0,,-72.0,-69.0,-42.0,,-73.0,2948,"(10, 50)",-22.369719027043622
"(17, 58)",,-45.0,-67.0,,-68.0,-67.0,-51.0,,-82.0,2948,"(14, 32)",-23.50245442935442
"(17, 58)",-68.0,-53.0,-63.0,,-66.0,,-44.0,-60.0,-77.0,2948,"(13, 52)",-16.991810367795214
"(17, 58)",-79.0,,-55.0,,-82.0,,-55.0,-50.0,-67.0,2948,"(6, 90)",-23.824691848311122
"(17, 58)",-63.0,-57.0,-60.0,-78.0,-69.0,-66.0,-45.0,-60.0,-75.0,2948,"(10, 50)",-19.073494480038445
"(17, 58)",,,-68.0,-77.0,-69.0,-70.0,,,-76.0,2948,"(10, 73)",-28.352693455287373
"(17, 58)",-61.0,-50.0,-59.0,,-67.0,-66.0,-44.0,,-75.0,2948,"(10, 50)",-15.958878350833396
"(17, 58)",,-53.0,-65.0,-78.0,-71.0,-62.0,-56.0,-64.0,-80.0,2948,"(10, 50)",-22.179035823397808
"(17, 58)",-68.0,-57.0,-51.0,,-79.0,-73.0,-46.0,,-74.0,2948,"(10, 50)",-22.35158690861981
"(17, 58)",-73.0,-61.0,-63.0,-63.0,-79.0,-70.0,-56.0,-57.0,-74.0,2948,"(10, 68)",-21.367834420972223
"(17, 58)",-58.0,-51.0,-65.0,-82.0,-65.0,,-47.0,,-82.0,2948,"(10, 50)",-20.778499709605303
"(17, 58)",-67.0,,-62.0,,-66.0,,-48.0,,-83.0,2948,"(13, 52)",-24.016720700851266
"(17, 58)",-72.0,-57.0,-48.0,-72.0,-85.0,-75.0,-50.0,-52.0,-75.0,2948,"(12, 75)",-21.92489428798919
"(17, 58)",-70.0,-66.0,,-71.0,-74.0,-70.0,-54.0,-56.0,-72.0,2948,"(10, 50)",-21.71796670142593
"(17, 58)",-77.0,-59.0,-60.0,-71.0,-75.0,-79.0,-39.0,-52.0,,2948,"(13, 66)",-22.289020088264333
"(17, 58)",-64.0,-55.0,-62.0,,-66.0,-65.0,-48.0,-67.0,-76.0,2948,"(10, 50)",-18.61268518410123
"(17, 58)",-74.0,-60.0,-52.0,-74.0,-78.0,,,-65.0,-66.0,2948,"(10, 90)",-23.125210089118013
"(17, 58)",-78.0,,-49.0,-69.0,-78.0,,-51.0,-60.0,-69.0,2948,"(8, 87)",-23.29007473046587
"(17, 58)",,-59.0,-54.0,-73.0,,,-46.0,-53.0,-69.0,2948,"(9, 89)",-15.217485513503101
"(17, 58)",-62.0,-52.0,-63.0,-79.0,-73.0,,-60.0,-63.0,-77.0,2948,"(12, 67)",-20.973495752705638
"(17, 58)",,-58.0,-67.0,,-74.0,-72.0,-48.0,-68.0,-82.0,2948,"(10, 50)",-27.402510375588406
"(17, 58)",,,-49.0,-72.0,-78.0,-76.0,,-65.0,-69.0,2948,"(13, 92)",-29.60916802606671
"(17, 58)",-63.0,-61.0,-61.0,-76.0,-66.0,-66.0,-41.0,-60.0,-80.0,2948,"(10, 50)",-20.04708277672923
"(17, 58)",,-58.0,-50.0,-64.0,-72.0,,-56.0,-61.0,-69.0,2948,"(9, 78)",-16.220549948063454
"(17, 58)",-64.0,-58.0,,-80.0,-69.0,-65.0,-47.0,-64.0,-72.0,2948,"(10, 50)",-20.729705682548307
"(17, 58)",-68.0,-57.0,-51.0,-71.0,-80.0,-73.0,,,-73.0,2948,"(17, 33)",-22.530237741392806
"(17, 58)",-72.0,-59.0,-53.0,,-83.0,,-53.0,-53.0,-67.0,2948,"(10, 71)",-18.12750398834155
"(17, 58)",-66.0,,,-74.0,-76.0,,,,,2948,"(16, 15)",-29.655757156856925
"(17, 58)",-74.0,-59.0,-58.0,-71.0,,,-61.0,-68.0,-69.0,2948,"(10, 76)",-21.99349308670304
"(17, 58)",,-69.0,-63.0,,,-69.0,-46.0,-59.0,-75.0,2948,"(10, 68)",-23.637622924812085
"(17, 58)",-69.0,,-51.0,-70.0,-76.0,-66.0,-53.0,-59.0,-68.0,2948,"(10, 77)",-19.253719007117954
"(17, 58)",-68.0,-54.0,-63.0,-74.0,-72.0,-72.0,-41.0,,-76.0,2948,"(10, 50)",-23.20021317979417
"(17, 58)",-66.0,-51.0,-68.0,,-66.0,-65.0,-53.0,-64.0,-82.0,2948,"(14, 32)",-21.318455056002048
"(17, 58)",-76.0,-60.0,-63.0,-65.0,,-72.0,-53.0,-58.0,-69.0,2948,"(10, 68)",-19.86885207768097
"(17, 58)",,-62.0,-55.0,,,,-63.0,-62.0,-65.0,2948,"(7, 83)",-18.83116962353443
"(17, 58)",-67.0,-53.0,,,-66.0,-72.0,-49.0,,,2948,"(15, 15)",-22.613368337879237
"(17, 58)",,,-58.0,-65.0,-78.0,-76.0,-52.0,-52.0,-68.0,2948,"(8, 91)",-21.84561491262579
"(17, 58)",,-50.0,-63.0,,,-72.0,-48.0,-60.0,-77.0,2948,"(10, 68)",-19.337334140750645
"(17, 58)",-60.0,-50.0,-67.0,,-70.0,-72.0,-50.0,-66.0,-80.0,2948,"(14, 32)",-21.138652293255824
"(17, 58)",-65.0,-62.0,-52.0,,,-70.0,-47.0,-61.0,-79.0,2948,"(10, 68)",-19.136935513995564
"(17, 58)",-73.0,-52.0,-59.0,-61.0,-79.0,-70.0,-53.0,-55.0,-70.0,2948,"(11, 68)",-17.306522492533393
"(17, 58)",-73.0,,-48.0,-69.0,-91.0,,-53.0,,,2948,"(14, 74)",-28.740241829381112
"(17, 58)",-65.0,,,,-78.0,-73.0,,-67.0,,2948,"(17, 15)",-30.274262825926908
"(17, 58)",-61.0,-59.0,,,,-67.0,-47.0,,,2948,"(12, 31)",-17.92875224737762
"(17, 58)",-74.0,-61.0,-51.0,-70.0,-81.0,-76.0,-59.0,-58.0,-69.0,2948,"(12, 75)",-23.292882711636935
"(17, 58)",-72.0,,-48.0,-70.0,,-79.0,-59.0,,,2948,"(14, 74)",-26.106934911958852
"(17, 58)",-68.0,-55.0,,,,-72.0,,,-78.0,2948,"(18, 17)",-31.8232411505616
"(17, 58)",-73.0,-59.0,-62.0,,-64.0,-68.0,-40.0,-54.0,-69.0,2948,"(10, 50)",-16.732971175902165
"(17, 58)",,-57.0,,-71.0,-83.0,-79.0,-55.0,,-70.0,2948,"(10, 50)",-27.76189073544726
"(17, 58)",-62.0,-54.0,-53.0,-76.0,-78.0,-73.0,-51.0,-56.0,-69.0,2948,"(10, 68)",-17.87899609245038
"(17, 58)",,,-55.0,-71.0,,,-57.0,-56.0,-76.0,2948,"(10, 90)",-25.092310328927855
"(17, 58)",,,-55.0,-60.0,,,,-52.0,-75.0,2948,"(13, 103)",-24.601172822276663
"(17, 58)",,-59.0,-56.0,-68.0,,,-52.0,,-70.0,2948,"(12, 73)",-16.68395537942652
"(17, 58)",-63.0,-61.0,-66.0,,-66.0,-67.0,-49.0,-67.0,-77.0,2948,"(10, 50)",-21.171917017826747
"(17, 58)",-67.0,-58.0,-50.0,,,-73.0,-61.0,-52.0,-75.0,2948,"(12, 75)",-17.635063590192654
"(17, 58)",-67.0,-65.0,-49.0,,,,-52.0,-68.0,-75.0,2948,"(12, 75)",-20.284681172771087
"(17, 58)",,-51.0,-65.0,,,,-52.0,-62.0,-78.0,2948,"(10, 68)",-19.292061714099628
"(17, 58)",-60.0,-47.0,-68.0,-79.0,,-68.0,-48.0,-62.0,-74.0,2948,"(13, 52)",-18.427049270544224
"(17, 58)",,,-66.0,,,,-44.0,-63.0,-80.0,2948,"(10, 68)",-29.778184043099383
"(17, 58)",-68.0,,-67.0,-76.0,,-71.0,-47.0,,,2948,"(13, 52)",-26.591228053773765
"(17, 58)",-70.0,-59.0,-53.0,,-77.0,-73.0,-50.0,-67.0,-76.0,2948,"(10, 50)",-23.245829204635445
"(17, 58)",-69.0,-56.0,-52.0,,-79.0,-74.0,-63.0,,-72.0,2948,"(14, 32)",-23.903877594017036
"(17, 58)",,-48.0,-66.0,,,,-50.0,-61.0,-83.0,2948,"(10, 68)",-20.148297972567136
"(17, 58)",-70.0,-53.0,-63.0,,-74.0,-73.0,-39.0,-51.0,-76.0,2948,"(10, 50)",-19.580590751630684
"(17, 58)",,-54.0,,-76.0,-64.0,-71.0,,,,2948,"(16, 14)",-28.011074738072306
"(17, 58)",,-60.0,-60.0,,,,-40.0,-53.0,-68.0,2948,"(10, 68)",-13.754015868352841
"(17, 58)",-60.0,-57.0,-58.0,,-66.0,-63.0,-53.0,-61.0,-81.0,2948,"(12, 34)",-17.010817757784338
"(17, 58)",,-59.0,-64.0,-80.0,-64.0,,-49.0,-55.0,-78.0,2948,"(10, 68)",-20.959651431126094
"(17, 58)",-72.0,-58.0,-57.0,-64.0,-81.0,,-57.0,-57.0,-67.0,2948,"(10, 76)",-18.659783325788712
"(17, 58)",-71.0,-66.0,-49.0,,,,-59.0,-65.0,-74.0,2948,"(12, 75)",-22.660079511762707
"(17, 58)",,-49.0,-62.0,,,,-49.0,-66.0,-78.0,2948,"(10, 68)",-19.054969098394864
"(17, 58)",,-51.0,-72.0,,-75.0,,-53.0,,,2948,"(14, 32)",-23.83827564933769
"(17, 58)",-75.0,,-49.0,-70.0,-77.0,,-52.0,,-65.0,2948,"(12, 75)",-21.825199125617395
"(17, 58)",-73.0,-57.0,-63.0,,-66.0,-70.0,-42.0,-69.0,-70.0,2948,"(10, 50)",-21.348205915327217
"(17, 58)",-71.0,-61.0,-49.0,,-76.0,,-59.0,-67.0,-63.0,2948,"(12, 75)",-19.5342019939261
"(17, 58)",-72.0,-62.0,-55.0,,,-66.0,-50.0,,-74.0,2948,"(10, 50)",-20.866310307469412
"(17, 58)",,-55.0,,,-72.0,-64.0,-58.0,,-84.0,2948,"(12, 30)",-28.967923717109286
"(17, 58)",-64.0,-54.0,,-74.0,-81.0,-77.0,-44.0,-53.0,-71.0,2948,"(10, 50)",-20.758724455586332
"(17, 58)",-63.0,-60.0,-52.0,-73.0,,,-45.0,-65.0,-77.0,2948,"(10, 68)",-18.694525400297266
"(17, 58)",-71.0,-65.0,-55.0,-73.0,-78.0,,-39.0,-55.0,,2948,"(10, 68)",-20.3891647551557
"(17, 58)",,-59.0,,-64.0,-79.0,,-52.0,-51.0,-69.0,2948,"(7, 90)",-16.011816624289406
"(17, 58)",-69.0,-61.0,-56.0,,-79.0,-74.0,,-62.0,,2948,"(15, 33)",-23.776554700191856
"(17, 58)",-69.0,-53.0,-53.0,-69.0,-78.0,,-53.0,-58.0,-70.0,2948,"(11, 75)",-16.933480855076
"(17, 58)",,-60.0,-47.0,-74.0,-82.0,,-59.0,-58.0,-72.0,2948,"(8, 86)",-23.602548929256585
"(17, 58)",-63.0,-54.0,-60.0,,-78.0,-77.0,-45.0,-52.0,-79.0,2948,"(10, 50)",-20.289704819234593
"(17, 58)",-73.0,,-56.0,,-80.0,,-53.0,,-68.0,2948,"(10, 68)",-24.665054832376867
"(17, 58)",-52.0,-54.0,-64.0,-80.0,,,-44.0,,-75.0,2948,"(13, 52)",-17.02965287243733
"(17, 58)",-64.0,-58.0,,,-71.0,-67.0,,-67.0,,2948,"(15, 15)",-26.261046800214515
"(17, 58)",-67.0,-56.0,-65.0,,-66.0,,-46.0,-58.0,-75.0,2948,"(13, 52)",-16.761476605740082
"(17, 58)",-58.0,,-55.0,-76.0,,-66.0,-50.0,,,2948,"(13, 66)",-16.15988749575974
"(17, 58)",-53.0,-49.0,-58.0,,-70.0,,-48.0,-67.0,-74.0,2948,"(12, 51)",-12.78648244649481
"(17, 58)",-59.0,,-64.0,,-62.0,-64.0,-52.0,-65.0,-85.0,2948,"(10, 50)",-20.055339076494207
"(17, 58)",-59.0,-56.0,-63.0,,,-64.0,-48.0,-63.0,-81.0,2948,"(10, 50)",-18.03739551754462
"(17, 58)",-59.0,-51.0,-59.0,-79.0,-69.0,-59.0,-48.0,-65.0,-79.0,2948,"(10, 50)",-17.900583361164635
"(17, 58)",-54.0,-59.0,-69.0,,-67.0,,-53.0,-57.0,,2948,"(10, 49)",-13.43029593902808
"(17, 58)",-71.0,-58.0,-70.0,-56.0,-77.0,-78.0,-51.0,-52.0,-69.0,2948,"(10, 68)",-19.002996020007842
"(17, 58)",-59.0,-53.0,-65.0,,,-61.0,-50.0,-66.0,-78.0,2948,"(10, 50)",-17.011193178030865
"(17, 58)",-71.0,-61.0,-51.0,-77.0,-74.0,-75.0,,,-65.0,2948,"(14, 74)",-22.56647637943725
"(17, 58)",-59.0,-54.0,-59.0,,-75.0,-64.0,-54.0,,-85.0,2948,"(13, 31)",-22.635186303093203
"(17, 58)",-72.0,-59.0,-59.0,-64.0,-77.0,-71.0,-59.0,-49.0,-70.0,2948,"(6, 90)",-18.530159417876895
"(17, 58)",-52.0,-49.0,-64.0,,-67.0,,-49.0,-66.0,-82.0,2948,"(10, 50)",-15.309043983814798
"(17, 58)",,-52.0,-49.0,-70.0,,,,-58.0,-76.0,2948,"(13, 92)",-19.061841850607095
"(17, 58)",,-49.0,-70.0,-81.0,-68.0,-75.0,-47.0,,-74.0,2948,"(10, 50)",-25.287359135001974
"(17, 58)",-63.0,-57.0,-67.0,,-76.0,-73.0,,-52.0,-76.0,2948,"(15, 33)",-21.260067035661912
"(17, 58)",,-54.0,-68.0,-81.0,-70.0,-70.0,-45.0,-62.0,-80.0,2948,"(10, 68)",-24.879973860319073
"(17, 58)",-67.0,-51.0,-65.0,-85.0,-66.0,-69.0,-49.0,-60.0,-77.0,2948,"(10, 50)",-21.814283136188088
"(17, 58)",,-67.0,,,-69.0,,-51.0,,-76.0,2948,"(10, 50)",-26.11604452184992
"(17, 58)",-63.0,-54.0,-55.0,,-79.0,-73.0,-59.0,-62.0,-71.0,2948,"(11, 49)",-19.575578039774413
"(17, 58)",,-62.0,,-78.0,-83.0,-80.0,,-64.0,-65.0,2948,"(8, 90)",-28.610247973933287
"(17, 58)",,-67.0,-53.0,,-72.0,-77.0,-50.0,-58.0,-72.0,2948,"(10, 68)",-21.98054456336013
"(17, 58)",,,-64.0,-78.0,-72.0,-68.0,-51.0,-68.0,-81.0,2948,"(10, 68)",-29.342083317893866
"(17, 58)",,-52.0,,-75.0,,-70.0,-41.0,,-75.0,2948,"(10, 50)",-22.208759569694056
"(17, 58)",-53.0,-57.0,-66.0,-79.0,-68.0,,,,-82.0,2948,"(16, 12)",-24.497359022292997
"(17, 58)",,,-57.0,,,,-50.0,-49.0,-64.0,2948,"(9, 91)",-14.18182133536174
"(17, 58)",,-60.0,-66.0,-62.0,,,-54.0,,-76.0,2948,"(10, 68)",-19.820053989878584
"(17, 58)",-65.0,-55.0,,,-65.0,-73.0,,,,2948,"(16, 14)",-32.54034222708151
"(17, 58)",-64.0,-64.0,-50.0,-72.0,,-74.0,-46.0,,-79.0,2948,"(13, 66)",-21.606955790101704
"(17, 58)",,-53.0,-53.0,,,-74.0,-51.0,,-67.0,2948,"(12, 67)",-15.393044529593107
"(17, 58)",,-63.0,-55.0,,,,-47.0,-50.0,-73.0,2948,"(10, 68)",-14.507197384651391
"(17, 58)",-55.0,,,,-69.0,,-51.0,-65.0,,2948,"(7, 49)",-13.494559457703918
"(17, 58)",-61.0,-54.0,-56.0,,-70.0,,-47.0,-66.0,-74.0,2948,"(13, 52)",-15.409514180142923
"(17, 58)",-77.0,-61.0,-58.0,,-75.0,-79.0,-38.0,-52.0,-79.0,2948,"(10, 68)",-24.55516290476565
"(17, 58)",-54.0,-52.0,-66.0,,-62.0,,-53.0,-63.0,-78.0,2948,"(14, 33)",-14.274184684292038
"(17, 58)",-55.0,-56.0,-62.0,,-71.0,-65.0,,-63.0,,2948,"(15, 14)",-18.347604519793414
"(17, 58)",-72.0,-51.0,-60.0,,-76.0,,,-60.0,-76.0,2948,"(17, 33)",-20.8012241068133
"(17, 58)",-54.0,-60.0,-63.0,,,-73.0,,,-83.0,2948,"(17, 12)",-25.614578104615383
"(17, 58)",,-49.0,-69.0,,,-64.0,-62.0,-62.0,-76.0,2948,"(14, 32)",-19.6705276062554
"(17, 58)",-65.0,-51.0,-59.0,,-65.0,-75.0,-42.0,-62.0,-77.0,2948,"(10, 50)",-18.272068288725276
"(17, 58)",-63.0,-57.0,,-75.0,-84.0,-69.0,,,,2948,"(18, 16)",-32.97312768207041
"(17, 58)",-73.0,,-62.0,,-85.0,,-44.0,-61.0,-73.0,2948,"(10, 68)",-28.042101495982195
"(17, 58)",-55.0,-57.0,,,-67.0,,-50.0,-61.0,-73.0,2948,"(13, 32)",-13.217049579676456
"(17, 58)",-67.0,-54.0,-62.0,,-68.0,-67.0,-43.0,-59.0,-71.0,2948,"(10, 50)",-16.7571896139971
"(17, 58)",-58.0,-43.0,-57.0,-78.0,-73.0,-64.0,-46.0,-64.0,-74.0,2948,"(14, 32)",-16.208559007783663
"(17, 58)",,-48.0,,,,-68.0,-50.0,-62.0,,2948,"(9, 49)",-13.365686198378402
"(17, 58)",-64.0,-54.0,-68.0,,-82.0,-71.0,-48.0,-61.0,-72.0,2948,"(10, 50)",-22.315465268038746
"(17, 58)",-69.0,-57.0,-66.0,-56.0,-75.0,,-51.0,-53.0,-72.0,2948,"(9, 69)",-15.3401632699086
"(17, 58)",-66.0,-55.0,,-75.0,-76.0,-74.0,,,,2948,"(18, 14)",-32.700568735954334
"(17, 58)",-63.0,-54.0,-69.0,-73.0,-77.0,,-47.0,-54.0,-72.0,2948,"(10, 68)",-18.492005410331128
"(17, 58)",-60.0,,-71.0,,-70.0,-68.0,-48.0,-63.0,-81.0,2948,"(10, 50)",-23.54435206336457
"(17, 58)",-70.0,-48.0,-65.0,-80.0,-67.0,-69.0,-46.0,-62.0,-76.0,2948,"(10, 50)",-21.13001866078856
"(17, 58)",-69.0,-62.0,-64.0,,-73.0,-65.0,-48.0,-62.0,-78.0,2948,"(10, 50)",-22.708402454195305
"(17, 58)",-78.0,,-52.0,,,,-62.0,-64.0,-64.0,2948,"(8, 87)",-24.34466099112852
"(17, 58)",-66.0,-54.0,-62.0,,-67.0,-76.0,-44.0,-60.0,-84.0,2948,"(10, 50)",-21.855892554679418
"(17, 58)",,-66.0,-53.0,,,,,-58.0,-76.0,2948,"(10, 90)",-24.351762338063697
"(17, 58)",,,-66.0,-79.0,-75.0,,-51.0,,,2948,"(10, 68)",-31.780197830266545
"(17, 58)",-58.0,-54.0,-64.0,,-68.0,-76.0,-46.0,-69.0,-81.0,2948,"(10, 50)",-21.997974403527195
"(17, 58)",-62.0,,,-74.0,,,-49.0,,-71.0,2948,"(10, 68)",-19.17303788525243
"(17, 58)",,,-61.0,-65.0,,,-62.0,-56.0,-72.0,2948,"(12, 95)",-24.598948074730156
"(17, 58)",-55.0,-54.0,-56.0,-80.0,-73.0,-68.0,-51.0,-62.0,-78.0,2948,"(10, 50)",-18.88517530227417
"(17, 58)",-66.0,-60.0,-50.0,-74.0,-83.0,,-46.0,-69.0,-75.0,2948,"(10, 68)",-23.169224069582263
"(17, 58)",,,-65.0,,-61.0,,-50.0,-61.0,-78.0,2948,"(10, 68)",-21.029484322682297
"(17, 58)",-74.0,-64.0,-62.0,-63.0,-77.0,,-63.0,-56.0,-72.0,2948,"(7, 85)",-21.7369128227471
"(17, 58)",-53.0,-49.0,-57.0,,-67.0,,-48.0,-68.0,-77.0,2948,"(12, 51)",-12.87898651694793
"(17, 58)",-60.0,-59.0,-58.0,,-76.0,-73.0,-49.0,-69.0,-73.0,2948,"(10, 50)",-21.379448113818086
"(17, 58)",-72.0,-60.0,-59.0,-63.0,-82.0,-72.0,-61.0,,-70.0,2948,"(12, 49)",-22.887877601954287
"(17, 58)",-77.0,-65.0,-60.0,-75.0,-79.0,-76.0,-55.0,-52.0,-63.0,2948,"(10, 68)",-23.220571857753676
"(17, 58)",,,,,,,-48.0,-52.0,-73.0,2948,"(4, 89)",-16.412621084821055
"(17, 58)",-71.0,-60.0,-51.0,-73.0,-84.0,,-62.0,-54.0,-71.0,2948,"(9, 78)",-22.630207547554075
"(17, 58)",,-55.0,-54.0,-78.0,-80.0,-73.0,-48.0,-57.0,-78.0,2948,"(10, 68)",-23.6635001320036
"(17, 58)",-67.0,-59.0,-49.0,,-80.0,-71.0,-48.0,-56.0,-68.0,2948,"(10, 68)",-17.432715578277943
"(17, 58)",-59.0,-51.0,-62.0,,-74.0,-66.0,-45.0,-67.0,-69.0,2948,"(10, 50)",-16.86225336408155
"(17, 58)",,,-55.0,-77.0,,,-58.0,-52.0,-79.0,2948,"(10, 92)",-28.67861197570882
"(17, 58)",-60.0,,-59.0,,-71.0,,-49.0,,-78.0,2948,"(13, 66)",-19.97123019444564
"(17, 58)",-63.0,,,,-83.0,-70.0,-51.0,,-78.0,2948,"(10, 50)",-30.63155182771429
"(17, 58)",-67.0,-54.0,-63.0,,-67.0,-68.0,-44.0,-61.0,-72.0,2948,"(10, 50)",-17.69514250834929
"(17, 58)",-71.0,,-60.0,-64.0,-78.0,,-52.0,-59.0,-70.0,2948,"(8, 88)",-20.743227302633077
"(17, 58)",,,,,,,,-66.0,-83.0,2948,"(3, 102)",-50.8927839841713
"(17, 58)",-57.0,-62.0,,,-67.0,-71.0,-48.0,-60.0,-79.0,2948,"(10, 50)",-19.26586935660278
"(17, 58)",-69.0,-49.0,,,-65.0,-68.0,-43.0,-62.0,-75.0,2948,"(10, 50)",-17.528622773374387
"(17, 58)",-61.0,-47.0,,,-68.0,-63.0,-45.0,-69.0,-80.0,2948,"(12, 30)",-19.395323931479673
"(17, 58)",-57.0,-68.0,-65.0,,-71.0,-71.0,-47.0,-69.0,-82.0,2948,"(10, 50)",-24.815964202862183
"(17, 58)",-63.0,-55.0,-53.0,,-74.0,-72.0,-47.0,-57.0,-66.0,2948,"(10, 50)",-14.713758079383089
"(17, 58)",-61.0,,-64.0,,-76.0,,,-64.0,-84.0,2948,"(7, 83)",-26.09241284337009
"(17, 58)",-71.0,-55.0,-50.0,-69.0,-82.0,,-49.0,-56.0,-79.0,2948,"(10, 68)",-19.951928780136637
"(17, 58)",-55.0,-54.0,,-77.0,-74.0,-68.0,-48.0,,,2948,"(12, 30)",-20.640390938336378
"(17, 58)",,-72.0,-66.0,,,,,,-76.0,2948,"(13, 73)",-30.964414749349356
"(17, 58)",-67.0,-63.0,-68.0,,-69.0,-66.0,-49.0,-66.0,-81.0,2948,"(10, 50)",-24.320808006400643
"(17, 58)",-53.0,-49.0,,-82.0,-66.0,-69.0,-56.0,,-79.0,2948,"(15, 15)",-23.716905108746108
"(17, 58)",,-57.0,-68.0,,-71.0,-76.0,-41.0,-55.0,-72.0,2948,"(10, 68)",-20.938087740519205
"(17, 58)",-63.0,,-61.0,,-82.0,,-50.0,,-75.0,2948,"(13, 66)",-25.620530141415507
"(17, 58)",-63.0,-56.0,-52.0,,-74.0,,-46.0,,-68.0,2948,"(13, 52)",-14.150362302084876
"(17, 58)",-76.0,-62.0,-59.0,,,-73.0,-45.0,-61.0,-74.0,2948,"(10, 68)",-23.291369148959955
"(17, 58)",,-56.0,-49.0,-72.0,,,-55.0,-53.0,-73.0,2948,"(10, 90)",-16.89451686485115
"(17, 58)",-66.0,-54.0,-56.0,-69.0,-73.0,,-52.0,-65.0,-73.0,2948,"(10, 68)",-17.567652121215694
"(17, 58)",-65.0,-51.0,-65.0,,-68.0,-70.0,-47.0,-56.0,-81.0,2948,"(10, 50)",-18.867867854675882
"(17, 58)",-66.0,-53.0,-63.0,,-73.0,-70.0,-48.0,-71.0,-80.0,2948,"(10, 50)",-23.669623258944792
"(17, 58)",-71.0,-55.0,-59.0,,-66.0,,-41.0,,-75.0,2948,"(10, 50)",-18.588173207976073
"(17, 58)",-62.0,-48.0,-71.0,-72.0,-72.0,-65.0,,-62.0,-81.0,2948,"(13, 31)",-22.969160149551602
"(17, 58)",,,-56.0,-73.0,-75.0,,,,,2948,"(16, 93)",-28.136074222651192
"(17, 58)",-57.0,,-64.0,,,-72.0,,-66.0,-84.0,2948,"(9, 76)",-24.668792416498583
"(17, 58)",-54.0,-47.0,-70.0,,-70.0,-67.0,-52.0,,,2948,"(15, 16)",-19.824781709852207
"(17, 58)",-69.0,-59.0,-47.0,-70.0,-80.0,-76.0,,,-72.0,2948,"(14, 74)",-23.50453415052591
"(17, 58)",-74.0,,-65.0,-78.0,-67.0,,-40.0,-65.0,-73.0,2948,"(10, 68)",-25.746376572717253
"(17, 58)",-64.0,-59.0,-67.0,,-79.0,-74.0,,-66.0,-85.0,2948,"(14, 32)",-29.51243721636321
"(17, 58)",-81.0,,-55.0,-73.0,,-78.0,-47.0,,-76.0,2948,"(10, 68)",-30.779063177358182
"(17, 58)",-62.0,-59.0,-58.0,,-75.0,-76.0,-46.0,-52.0,-78.0,2948,"(10, 50)",-19.446791884504645
"(17, 58)",-71.0,-56.0,-56.0,,-78.0,,-56.0,,-70.0,2948,"(12, 51)",-20.350784841042806
"(17, 58)",-66.0,-54.0,-68.0,,,-67.0,-57.0,,-80.0,2948,"(14, 32)",-24.34172060324563
"(17, 58)",-69.0,-57.0,,,-65.0,-73.0,,-65.0,-74.0,2948,"(15, 15)",-24.465607794104674
"(17, 58)",-66.0,-56.0,-63.0,,-68.0,,-45.0,,-70.0,2948,"(10, 50)",-17.233156827406255
"(17, 58)",-66.0,-60.0,-66.0,,-66.0,-74.0,-48.0,-63.0,-81.0,2948,"(10, 50)",-23.243073591662657
"(17, 58)",-76.0,-55.0,-61.0,,-74.0,,-39.0,-53.0,-74.0,2948,"(10, 68)",-19.116175263828126
"(17, 58)",-76.0,-62.0,-50.0,,-76.0,-71.0,-50.0,,-63.0,2948,"(10, 50)",-20.805477981161342
"(17, 58)",,-58.0,-61.0,,-65.0,,-43.0,,-72.0,2948,"(13, 52)",-16.735512241704527
"(17, 58)",-64.0,-59.0,,,-81.0,-74.0,-45.0,-58.0,-72.0,2948,"(10, 50)",-22.445723019896377
"(17, 58)",-57.0,-56.0,,,-71.0,-65.0,-51.0,-71.0,,2948,"(11, 30)",-19.816362905975822
"(17, 58)",-58.0,-51.0,,,-75.0,-66.0,-42.0,-66.0,,2948,"(13, 31)",-16.733940412193725
"(17, 58)",-71.0,-62.0,-52.0,,-76.0,-72.0,-57.0,-71.0,-68.0,2948,"(14, 74)",-22.42949686181845
"(17, 58)",-58.0,-53.0,-61.0,-77.0,-67.0,-70.0,-52.0,-65.0,-79.0,2948,"(10, 50)",-19.555110892969854
"(17, 58)",,-46.0,-62.0,,-63.0,-73.0,-48.0,-71.0,-80.0,2948,"(10, 50)",-20.60679053510727
"(17, 58)",,-58.0,-60.0,,,,-51.0,-54.0,-73.0,2948,"(9, 75)",-15.811509427316537
"(17, 58)",-65.0,-56.0,-67.0,-78.0,,,-42.0,-67.0,-74.0,2948,"(10, 68)",-22.361645638778967
"(17, 58)",-71.0,-64.0,,,-79.0,-74.0,-57.0,,-73.0,2948,"(10, 50)",-29.708849021446706
"(17, 58)",,-52.0,,,-63.0,,,,,2948,"(14, 15)",-26.664815461114387
"(17, 58)",-65.0,,-67.0,,-83.0,-69.0,-45.0,-52.0,,2948,"(10, 50)",-22.09315537399116
"(17, 58)",-70.0,-58.0,,-78.0,-79.0,-67.0,-56.0,-64.0,-75.0,2948,"(10, 50)",-25.265771797383604
"(17, 58)",,-55.0,-58.0,-68.0,,-74.0,,-51.0,-69.0,2948,"(10, 92)",-18.72614382894254
"(17, 58)",-64.0,-52.0,-71.0,,-62.0,,,,-84.0,2948,"(14, 15)",-27.83885751887957
"(17, 58)",,-58.0,-61.0,-71.0,-75.0,-74.0,-41.0,-52.0,-74.0,2948,"(10, 68)",-20.69511707755683
"(17, 58)",-57.0,-49.0,-63.0,,-75.0,-69.0,-46.0,-65.0,-82.0,2948,"(10, 50)",-20.0241383530204
"(17, 58)",-56.0,-64.0,-62.0,,-74.0,,-48.0,-67.0,-81.0,2948,"(13, 52)",-21.513917268039695
"(17, 58)",-54.0,-54.0,,,-72.0,-68.0,,,-73.0,2948,"(16, 14)",-25.76847679491221
"(17, 58)",-62.0,-55.0,-59.0,-72.0,-76.0,,-51.0,-54.0,-69.0,2948,"(10, 69)",-15.555124153435994
"(17, 58)",-73.0,,-63.0,,-75.0,-75.0,-41.0,-72.0,,2948,"(10, 50)",-29.41829098966384
"(17, 58)",,,-67.0,,,,-49.0,,-81.0,2948,"(10, 68)",-36.4410305135274
"(17, 58)",,,-63.0,-83.0,,,,-62.0,-78.0,2948,"(13, 97)",-40.13247275172239
"(17, 58)",-62.0,-54.0,-60.0,,-72.0,-68.0,-47.0,-65.0,-75.0,2948,"(10, 50)",-18.811939578524925
"(17, 58)",-61.0,-55.0,,-74.0,,,,,,2948,"(19, 14)",-20.741033512384476
"(17, 58)",-60.0,-48.0,-62.0,-82.0,-74.0,-59.0,-50.0,,,2948,"(12, 30)",-20.54237092937105
"(17, 58)",-64.0,-59.0,-49.0,-79.0,,,,-62.0,-74.0,2948,"(10, 90)",-21.128478575846735
"(17, 58)",-62.0,-52.0,,,-68.0,-65.0,-55.0,,,2948,"(14, 15)",-22.520774536929736
"(17, 58)",-52.0,-52.0,-58.0,,-68.0,,-49.0,-65.0,-76.0,2948,"(12, 51)",-12.871780197990159
"(17, 58)",-64.0,,-50.0,,,-75.0,-52.0,-58.0,-70.0,2948,"(11, 76)",-17.977313375297516
"(17, 58)",-61.0,-53.0,-61.0,-81.0,-72.0,-68.0,-46.0,,-70.0,2948,"(10, 50)",-20.322795730929435
"(17, 58)",,-60.0,-50.0,,,,-59.0,-63.0,-65.0,2948,"(9, 78)",-16.60610784580594
"(17, 58)",-63.0,-56.0,-65.0,,,,-50.0,-68.0,-81.0,2948,"(13, 66)",-21.252525453861274
"(17, 58)",,,-60.0,,-79.0,,-56.0,-59.0,-64.0,2948,"(7, 86)",-22.000329954039785
"(17, 58)",-62.0,-57.0,-62.0,,-77.0,-73.0,-51.0,-52.0,-76.0,2948,"(10, 50)",-19.231299086564313
"(17, 58)",-72.0,-55.0,-63.0,,-73.0,,-42.0,-52.0,-76.0,2948,"(10, 68)",-18.333257864557357
"(17, 58)",-51.0,,,-75.0,-64.0,-67.0,-50.0,,,2948,"(14, 11)",-17.176079455571845
"(17, 58)",-73.0,-61.0,-48.0,,-75.0,,-58.0,-54.0,-76.0,2948,"(12, 75)",-20.212039073799556
"(17, 58)",,,-53.0,-66.0,,,-53.0,-60.0,-66.0,2948,"(10, 90)",-18.914502534528523
"(17, 58)",-58.0,,-71.0,-77.0,-68.0,,-49.0,,-79.0,2948,"(13, 66)",-24.187964521704902
"(17, 58)",-69.0,-66.0,-56.0,-74.0,,-78.0,-41.0,-62.0,-71.0,2948,"(10, 68)",-23.309445087354256
"(17, 58)",,-48.0,-64.0,-82.0,-63.0,-70.0,-52.0,-62.0,-76.0,2948,"(11, 51)",-20.198983686940807
"(17, 58)",-72.0,,,,-78.0,-75.0,-48.0,-65.0,,2948,"(8, 50)",-29.970911731120367
"(17, 58)",-55.0,-53.0,-56.0,,,-73.0,-46.0,,-82.0,2948,"(10, 50)",-17.865194358667175
"(17, 58)",-69.0,-61.0,-50.0,-70.0,-82.0,-77.0,-51.0,-53.0,-71.0,2948,"(12, 75)",-20.880501864886227
"(17, 58)",-64.0,-55.0,-61.0,,-62.0,-70.0,-41.0,,-80.0,2948,"(10, 50)",-19.636302877269333
"(17, 58)",-62.0,-52.0,-64.0,,-77.0,-69.0,-43.0,-69.0,-84.0,2948,"(10, 50)",-24.05257887765827
"(17, 58)",-61.0,-52.0,-62.0,,-83.0,-72.0,-49.0,,-79.0,2948,"(10, 50)",-24.4182541047476
"(17, 58)",-64.0,-55.0,,,,,-54.0,,-84.0,2948,"(14, 32)",-23.34979982648002
"(17, 58)",-76.0,-63.0,-50.0,-76.0,,-67.0,-48.0,-67.0,-68.0,2948,"(10, 68)",-21.58080510519245
"(17, 58)",-62.0,-54.0,,,-79.0,,,-65.0,,2948,"(17, 15)",-25.49926296121554
"(17, 58)",,,-55.0,-71.0,-84.0,,-49.0,,-72.0,2948,"(10, 68)",-27.575966000314413
