x,emitter,ref_sensor,sensor_x,rssi_x,sensor_y,rssi_y,sensor_z,rssi_z,distance_error
0.0,29.0,57.0,s57,-52.0,s20,-53.0,s22,-55.0,10.61980715229185
0.0,29.0,57.0,s57,-43.0,s06,-48.0,s22,-58.0,23.835464184848842
0.0,29.0,57.0,s06,-50.0,s57,-52.0,s54,-56.0,24.651817242171088
0.0,29.0,57.0,s57,-48.0,s22,-53.0,s06,-54.0,8.241340613641412
0.0,29.0,57.0,s57,-53.0,s22,-56.0,s05,-61.0,44.56443001747119
0.0,29.0,57.0,s06,-54.0,s22,-57.0,s57,-59.0,24.800189789767398
0.0,29.0,57.0,s57,-37.0,s06,-51.0,s22,-52.0,14.640248036364452
0.0,29.0,57.0,s06,-50.0,s57,-51.0,s20,-52.0,14.766160644229855
0.0,29.0,57.0,s57,-47.0,s06,-50.0,s22,-59.0,21.601490039655932
0.0,29.0,57.0,s20,-47.0,s57,-52.0,s06,-58.0,28.916192031004385
0.0,29.0,57.0,s57,-49.0,s06,-52.0,s20,-56.0,9.503047261004994
0.0,29.0,57.0,s57,-48.0,s20,-52.0,s22,-56.0,10.056305829733839
0.0,29.0,57.0,s57,-45.0,s54,-55.0,s20,-56.0,378.4010409902126
0.0,29.0,57.0,s57,-44.0,s06,-49.0,s22,-50.0,14.503662098095024
0.0,29.0,57.0,s57,-50.0,s20,-58.0,s22,-60.0,12.913416421767224
0.0,29.0,57.0,s22,-46.0,s57,-47.0,s06,-57.0,10.09180444750797
0.0,29.0,57.0,s57,-48.0,s20,-57.0,s54,-58.0,752.7318552172205
0.0,29.0,57.0,s57,-40.0,s22,-49.0,s06,-53.0,6.437082779519944
0.0,29.0,57.0,s06,-48.0,s20,-49.0,s22,-53.0,11.945345374352016
0.0,29.0,57.0,s57,-40.0,s06,-51.0,s20,-52.0,8.308399859545366
0.0,29.0,57.0,s20,-53.0,s22,-59.0,s54,-61.0,32.671135071925086
0.0,29.0,57.0,s57,-51.0,s20,-53.0,s06,-55.0,8.190837722187016
0.0,29.0,57.0,s57,-44.0,s06,-51.0,s22,-58.0,23.922536799048153
0.0,29.0,57.0,s57,-32.0,s22,-42.0,s06,-61.0,7.354526467827119
0.0,29.0,57.0,s57,-44.0,s06,-47.0,s22,-56.0,22.65154965348791
0.0,29.0,57.0,s22,-49.0,s57,-56.0,s06,-60.0,35.62477301055808
0.0,29.0,57.0,s06,-53.0,s57,-54.0,s22,-59.0,23.545432311610053
0.0,29.0,57.0,s57,-38.0,s06,-50.0,s22,-52.0,13.752794722378523
0.0,29.0,57.0,s06,-52.0,s57,-56.0,s20,-60.0,38.96287027925717
0.0,29.0,57.0,s06,-51.0,s22,-52.0,s57,-52.0,16.44189239514346
0.0,29.0,57.0,s20,-50.0,s57,-50.0,s22,-58.0,25.7343901285323
0.0,29.0,57.0,s06,-45.0,s57,-46.0,s20,-50.0,15.086236623039083
0.0,29.0,57.0,s57,-50.0,s22,-54.0,s06,-55.0,7.1240878741743145
0.0,29.0,57.0,s57,-39.0,s06,-49.0,s20,-56.0,11.01291902623687
0.0,29.0,57.0,s57,-43.0,s06,-50.0,s20,-50.0,9.749189283964855
0.0,29.0,57.0,s57,-49.0,s22,-58.0,s20,-60.0,28.057845391684413
0.0,29.0,57.0,s20,-46.0,s06,-50.0,s57,-51.0,13.789051717122067
0.0,29.0,57.0,s22,-55.0,s57,-58.0,s20,-61.0,26.31241829557301
0.0,29.0,57.0,s06,-49.0,s20,-52.0,s22,-54.0,13.747992305322018
0.0,29.0,57.0,s57,-35.0,s22,-49.0,s06,-57.0,3.904856225616371
0.0,29.0,57.0,s57,-44.0,s22,-48.0,s06,-51.0,9.056323294517897
0.0,29.0,57.0,s06,-47.0,s20,-52.0,s57,-57.0,15.517401513068158
0.0,29.0,57.0,s57,-33.0,s22,-49.0,s06,-58.0,5.136141865110562
0.0,29.0,57.0,s57,-44.0,s20,-51.0,s22,-54.0,11.761849274435487
0.0,29.0,57.0,s57,-43.0,s06,-49.0,s22,-59.0,22.00130131841555
0.0,29.0,57.0,s57,-33.0,s22,-47.0,s06,-61.0,7.2080799309160675
0.0,29.0,57.0,s06,-50.0,s20,-51.0,s54,-57.0,37.8849911718015
0.0,29.0,57.0,s57,-53.0,s20,-57.0,s22,-58.0,10.600444487499852
0.0,29.0,57.0,s57,-49.0,s06,-51.0,s20,-52.0,8.844161086858765
0.0,29.0,57.0,s57,-47.0,s22,-52.0,s20,-55.0,4.757215658120727
0.0,29.0,57.0,s06,-48.0,s57,-48.0,s20,-52.0,15.990875440284633
0.0,29.0,57.0,s22,-53.0,s06,-55.0,s57,-55.0,9.18660472560875
0.0,29.0,57.0,s22,-44.0,s57,-48.0,s06,-60.0,15.37120202938892
0.0,29.0,57.0,s57,-47.0,s06,-57.0,s22,-59.0,16.35437118853098
0.0,29.0,57.0,s06,-48.0,s57,-55.0,s22,-57.0,15.712684682995079
0.0,29.0,57.0,s57,-35.0,s22,-48.0,s06,-49.0,8.706320682644144
0.0,29.0,57.0,s57,-36.0,s06,-51.0,s22,-51.0,15.324478690553187
0.0,29.0,57.0,s57,-47.0,s06,-54.0,s22,-56.0,18.686983782427742
0.0,29.0,57.0,s57,-48.0,s20,-49.0,s06,-52.0,11.83706059177799
0.0,29.0,57.0,s57,-45.0,s06,-50.0,s22,-57.0,15.455141517302264
0.0,29.0,57.0,s22,-49.0,s57,-51.0,s06,-56.0,8.909374447259431
0.0,29.0,57.0,s57,-51.0,s22,-53.0,s06,-60.0,7.957253430263974
0.0,29.0,57.0,s57,-52.0,s06,-54.0,s22,-59.0,18.13596005823764
0.0,29.0,57.0,s06,-45.0,s57,-54.0,s20,-57.0,20.95717461649464
0.0,29.0,57.0,s57,-40.0,s06,-49.0,s22,-51.0,14.950885947290615
0.0,29.0,57.0,s06,-49.0,s20,-53.0,s57,-53.0,11.651484353663218
0.0,29.0,57.0,s22,-53.0,s57,-53.0,s06,-54.0,12.003516449408883
0.0,29.0,57.0,s57,-33.0,s22,-55.0,s06,-57.0,11.943119942866025
0.0,29.0,57.0,s57,-49.0,s06,-54.0,s22,-59.0,18.328399065457003
0.0,29.0,57.0,s22,-51.0,s57,-53.0,s06,-54.0,15.110898783535912
0.0,29.0,57.0,s57,-49.0,s06,-53.0,s20,-56.0,9.236113592646845
0.0,29.0,57.0,s22,-45.0,s06,-53.0,s57,-56.0,20.18643127117737
0.0,29.0,57.0,s57,-30.0,s22,-53.0,s06,-59.0,0.9297553678545272
0.0,29.0,57.0,s20,-48.0,s57,-48.0,s06,-50.0,10.68490523149702
0.0,29.0,57.0,s57,-47.0,s22,-52.0,s06,-54.0,7.771230841468255
0.0,29.0,57.0,s57,-41.0,s06,-49.0,s22,-50.0,14.503662098095024
0.0,29.0,57.0,s57,-51.0,s22,-52.0,s06,-57.0,5.509337840489893
0.0,29.0,57.0,s57,-51.0,s06,-56.0,s20,-60.0,9.070494313951306
0.0,29.0,57.0,s22,-54.0,s06,-55.0,s20,-55.0,7.090945934224731
0.0,29.0,57.0,s57,-37.0,s06,-52.0,s22,-52.0,11.497540760187075
0.0,29.0,57.0,s57,-46.0,s22,-51.0,s06,-54.0,5.465703165258952
0.0,29.0,57.0,s06,-56.0,s57,-57.0,s22,-59.0,13.465096141849449
0.0,29.0,57.0,s06,-50.0,s20,-50.0,s57,-51.0,9.849148399891158
0.0,29.0,57.0,s06,-49.0,s22,-53.0,s57,-53.0,16.12229266571083
0.0,29.0,57.0,s57,-41.0,s06,-47.0,s22,-53.0,14.68205963749588
0.0,29.0,57.0,s57,-36.0,s06,-51.0,s22,-52.0,14.640248036364452
0.0,29.0,57.0,s57,-31.0,s22,-49.0,s06,-61.0,6.820865962748492
0.0,29.0,57.0,s57,-44.0,s06,-46.0,s20,-48.0,10.398681333305039
0.0,29.0,57.0,s06,-44.0,s20,-51.0,s57,-51.0,10.587218565348191
0.0,29.0,57.0,s22,-52.0,s57,-55.0,s06,-59.0,16.859210490931076
0.0,29.0,57.0,s57,-39.0,s22,-49.0,s20,-51.0,10.465621821794493
0.0,29.0,57.0,s20,-54.0,s57,-56.0,s22,-59.0,19.57550206188859
0.0,29.0,57.0,s57,-47.0,s22,-52.0,s06,-59.0,1.2946938415556084
0.0,29.0,57.0,s57,-48.0,s06,-49.0,s20,-55.0,7.641543417475653
0.0,29.0,57.0,s20,-54.0,s22,-54.0,s06,-57.0,7.2191851300125025
0.0,29.0,57.0,s57,-33.0,s20,-55.0,s22,-55.0,4.620695371028842
0.0,29.0,57.0,s06,-48.0,s57,-48.0,s20,-57.0,20.444605156837362
0.0,29.0,57.0,s57,-45.0,s20,-54.0,s06,-59.0,7.394129430977161
0.0,29.0,57.0,s22,-51.0,s57,-55.0,s06,-59.0,18.095509580794687
0.0,29.0,57.0,s06,-49.0,s20,-49.0,s57,-52.0,12.801572071181765
0.0,29.0,57.0,s57,-50.0,s06,-53.0,s22,-54.0,11.663198843768031
0.0,29.0,57.0,s20,-49.0,s57,-49.0,s06,-51.0,10.557346252906488
0.0,29.0,57.0,s06,-48.0,s20,-48.0,s05,-61.0,51.107299728655185
0.0,29.0,57.0,s57,-31.0,s22,-47.0,s06,-59.0,4.41948638413597
0.0,29.0,57.0,s06,-54.0,s57,-54.0,s22,-60.0,39.10814555720199
0.0,29.0,57.0,s57,-50.0,s06,-56.0,s22,-56.0,11.046003112442687
0.0,29.0,57.0,s06,-48.0,s20,-51.0,s57,-60.0,29.22661283527954
0.0,29.0,57.0,s57,-33.0,s22,-43.0,s06,-60.0,10.681512333039999
0.0,29.0,57.0,s57,-47.0,s06,-54.0,s22,-61.0,22.118962194580725
0.0,29.0,57.0,s20,-54.0,s54,-54.0,s06,-55.0,40.38717774085817
0.0,29.0,57.0,s22,-47.0,s57,-49.0,s06,-59.0,9.998400217477823
0.0,29.0,57.0,s57,-46.0,s20,-55.0,s22,-58.0,9.306912730990426
0.0,29.0,57.0,s06,-50.0,s57,-50.0,s22,-58.0,35.29441226926756
0.0,29.0,57.0,s06,-49.0,s20,-56.0,s57,-61.0,23.017874107573004
0.0,29.0,57.0,s57,-49.0,s20,-50.0,s06,-59.0,11.43322998227854
0.0,29.0,57.0,s57,-36.0,s22,-56.0,s20,-61.0,25.115601159744315
0.0,29.0,57.0,s20,-47.0,s57,-47.0,s06,-48.0,10.602720096471321
0.0,29.0,57.0,s57,-34.0,s20,-54.0,s06,-58.0,8.092654049736787
0.0,29.0,57.0,s22,-47.0,s57,-49.0,s06,-56.0,10.15854545710526
0.0,29.0,57.0,s57,-48.0,s22,-50.0,s06,-56.0,4.017951662949223
0.0,29.0,57.0,s57,-48.0,s22,-57.0,s06,-58.0,5.437687109160608
0.0,29.0,57.0,s06,-47.0,s57,-50.0,s54,-60.0,21.65235267367834
0.0,29.0,57.0,s57,-40.0,s22,-52.0,s06,-55.0,5.764274099748968
0.0,29.0,57.0,s06,-43.0,s20,-54.0,s57,-56.0,22.734956238063347
0.0,29.0,57.0,s57,-35.0,s22,-45.0,s06,-61.0,7.354526467827119
0.0,29.0,57.0,s57,-36.0,s22,-47.0,s06,-57.0,3.8869119408011903
0.0,29.0,57.0,s57,-31.0,s22,-51.0,s06,-59.0,4.443750361524198
0.0,29.0,57.0,s06,-49.0,s20,-53.0,s57,-56.0,21.94144926806074
0.0,29.0,57.0,s57,-45.0,s06,-48.0,s54,-61.0,34.589655269820895
0.0,29.0,57.0,s06,-48.0,s20,-49.0,s22,-49.0,9.315694133700623
0.0,29.0,57.0,s57,-51.0,s22,-53.0,s06,-54.0,8.302916647932594
0.0,29.0,57.0,s57,-34.0,s22,-50.0,s54,-57.0,26.23802658613355
0.0,29.0,57.0,s57,-49.0,s22,-52.0,s06,-58.0,2.5511490578575455
0.0,29.0,57.0,s57,-39.0,s06,-55.0,s20,-55.0,4.6979354516145895
0.0,29.0,57.0,s20,-50.0,s06,-54.0,s22,-57.0,11.838169062846738
0.0,29.0,57.0,s57,-47.0,s06,-51.0,s20,-52.0,8.454253692625105
0.0,29.0,57.0,s06,-55.0,s57,-55.0,s22,-59.0,16.852829392033097
0.0,29.0,57.0,s57,-45.0,s06,-48.0,s22,-54.0,14.93425524025583
0.0,29.0,57.0,s22,-53.0,s57,-53.0,s20,-59.0,11.002763109278265
0.0,29.0,57.0,s57,-46.0,s20,-56.0,s22,-56.0,8.06778644437303
0.0,29.0,57.0,s22,-50.0,s06,-54.0,s57,-58.0,20.911417494083764
0.0,29.0,57.0,s57,-51.0,s22,-57.0,s06,-58.0,5.9450105320210636
0.0,29.0,57.0,s57,-44.0,s22,-49.0,s20,-50.0,9.747308401438719
0.0,29.0,57.0,s22,-49.0,s06,-53.0,s57,-53.0,10.226802249947214
0.0,29.0,57.0,s57,-46.0,s22,-58.0,s06,-59.0,28.26932452100594
0.0,29.0,57.0,s57,-51.0,s06,-55.0,s22,-61.0,20.373424892758948
0.0,29.0,57.0,s06,-50.0,s20,-51.0,s22,-58.0,22.627959389438953
0.0,29.0,57.0,s06,-48.0,s20,-50.0,s22,-52.0,11.601086774968449
0.0,29.0,57.0,s57,-47.0,s22,-51.0,s06,-59.0,4.613854007572205
0.0,29.0,57.0,s57,-47.0,s22,-56.0,s20,-57.0,22.987202560145484
0.0,29.0,57.0,s22,-49.0,s57,-53.0,s06,-54.0,14.26943968940086
0.0,29.0,57.0,s57,-32.0,s22,-50.0,s06,-54.0,5.797763795640063
0.0,29.0,57.0,s57,-47.0,s06,-55.0,s20,-57.0,4.726911727192885
0.0,29.0,57.0,s57,-44.0,s22,-50.0,s06,-55.0,4.141705821047651
0.0,29.0,57.0,s06,-49.0,s57,-51.0,s22,-52.0,11.728826464598624
0.0,29.0,57.0,s57,-48.0,s06,-52.0,s22,-55.0,13.142990692149965
0.0,29.0,57.0,s57,-50.0,s06,-58.0,s22,-61.0,13.850281077342194
0.0,29.0,57.0,s57,-36.0,s22,-50.0,s06,-52.0,7.066600981130166
0.0,29.0,57.0,s06,-44.0,s57,-50.0,s22,-54.0,13.836046603754866
0.0,29.0,57.0,s57,-38.0,s22,-52.0,s06,-53.0,8.921382861312203
0.0,29.0,57.0,s20,-48.0,s57,-52.0,s06,-54.0,13.84251925347049
0.0,29.0,57.0,s57,-36.0,s22,-50.0,s20,-58.0,3.5874792140569802
0.0,29.0,57.0,s57,-47.0,s20,-55.0,s06,-56.0,5.5597374219983635
0.0,29.0,57.0,s22,-46.0,s06,-54.0,s57,-54.0,11.474705232217035
0.0,29.0,57.0,s57,-45.0,s06,-50.0,s22,-54.0,14.146319579241558
0.0,29.0,57.0,s57,-45.0,s06,-47.0,s20,-50.0,9.724403980642897
0.0,29.0,57.0,s57,-51.0,s20,-56.0,s54,-61.0,994.5607863286092
0.0,29.0,57.0,s20,-51.0,s57,-54.0,s06,-56.0,26.783241417166476
0.0,29.0,57.0,s57,-49.0,s20,-52.0,s22,-52.0,10.85002466981671
0.0,29.0,57.0,s57,-49.0,s22,-53.0,s06,-54.0,8.090599975334378
0.0,29.0,57.0,s57,-33.0,s22,-57.0,s06,-60.0,8.76424217086037
0.0,29.0,57.0,s20,-50.0,s57,-51.0,s06,-53.0,10.49661567778672
0.0,29.0,57.0,s57,-44.0,s22,-53.0,s06,-54.0,8.388745537511953
0.0,29.0,57.0,s22,-53.0,s57,-58.0,s06,-60.0,28.384510203343474
0.0,29.0,57.0,s22,-54.0,s06,-56.0,s57,-57.0,3.28637993313847
0.0,29.0,57.0,s57,-33.0,s22,-51.0,s20,-55.0,5.284517992287444
0.0,29.0,57.0,s57,-44.0,s06,-45.0,s20,-49.0,10.104248956271075
0.0,29.0,57.0,s06,-47.0,s57,-52.0,s22,-57.0,15.74816958746911
0.0,29.0,57.0,s57,-47.0,s22,-51.0,s06,-60.0,10.557299390475814
0.0,29.0,57.0,s57,-46.0,s22,-52.0,s06,-53.0,8.874564542893827
0.0,29.0,57.0,s57,-46.0,s06,-48.0,s54,-57.0,43.28168400891245
0.0,29.0,57.0,s57,-47.0,s22,-52.0,s06,-53.0,8.84199808303821
0.0,29.0,57.0,s06,-51.0,s57,-51.0,s22,-54.0,14.37561911839182
0.0,29.0,57.0,s57,-45.0,s22,-50.0,s20,-57.0,4.80647634003472
0.0,29.0,57.0,s57,-34.0,s22,-43.0,s06,-61.0,7.354526467827119
0.0,29.0,57.0,s57,-39.0,s22,-51.0,s06,-54.0,5.391700419875839
0.0,29.0,57.0,s57,-33.0,s22,-52.0,s06,-54.0,7.8463730168030175
0.0,29.0,57.0,s57,-42.0,s06,-49.0,s20,-52.0,8.19801588923685
0.0,29.0,57.0,s57,-48.0,s06,-52.0,s22,-58.0,21.28912839084614
0.0,29.0,57.0,s06,-53.0,s57,-57.0,s22,-58.0,23.59306824793652
0.0,29.0,57.0,s06,-46.0,s57,-46.0,s20,-51.0,14.763597691433336
0.0,29.0,57.0,s22,-47.0,s06,-48.0,s57,-50.0,9.2790124513606
0.0,29.0,57.0,s57,-35.0,s06,-54.0,s22,-55.0,11.573514242992228
0.0,29.0,57.0,s57,-36.0,s22,-48.0,s20,-57.0,5.096459910277745
0.0,29.0,57.0,s06,-48.0,s57,-51.0,s20,-52.0,15.972886926628012
0.0,29.0,57.0,s20,-51.0,s06,-56.0,s22,-56.0,11.37400501926453
0.0,29.0,57.0,s57,-37.0,s06,-51.0,s22,-55.0,16.1775849136166
0.0,29.0,57.0,s57,-38.0,s22,-49.0,s20,-51.0,10.465621821794493
0.0,29.0,57.0,s06,-48.0,s20,-54.0,s54,-58.0,38.32560768988961
0.0,29.0,57.0,s57,-35.0,s22,-58.0,s20,-60.0,29.70042603060194
0.0,29.0,57.0,s57,-39.0,s06,-49.0,s20,-57.0,7.435322572929818
0.0,29.0,57.0,s06,-45.0,s57,-45.0,s20,-54.0,17.791395740199007
0.0,29.0,57.0,s57,-52.0,s22,-58.0,s54,-59.0,33.40838038668536
0.0,29.0,57.0,s57,-38.0,s06,-47.0,s22,-58.0,23.90280128335392
0.0,29.0,57.0,s57,-48.0,s20,-54.0,s06,-55.0,7.783750286960583
0.0,29.0,57.0,s57,-52.0,s06,-56.0,s22,-56.0,10.983686951848785
0.0,29.0,57.0,s06,-49.0,s22,-51.0,s57,-51.0,15.05870246326117
0.0,29.0,57.0,s57,-46.0,s22,-55.0,s06,-56.0,5.997990309371128
0.0,29.0,57.0,s57,-49.0,s06,-53.0,s22,-58.0,20.906806460981095
0.0,29.0,57.0,s57,-34.0,s22,-57.0,s06,-59.0,7.013194689389376
0.0,29.0,57.0,s57,-35.0,s22,-48.0,s06,-54.0,5.427663752911343
0.0,29.0,57.0,s57,-50.0,s22,-53.0,s20,-54.0,7.374479606886175
0.0,29.0,57.0,s22,-50.0,s06,-51.0,s57,-51.0,9.696231025905064
0.0,29.0,57.0,s57,-35.0,s06,-52.0,s22,-55.0,13.116098043972974
0.0,29.0,57.0,s06,-46.0,s57,-49.0,s20,-55.0,20.388541991188422
0.0,29.0,57.0,s06,-47.0,s57,-53.0,s22,-60.0,44.67747235460777
0.0,29.0,57.0,s57,-35.0,s06,-49.0,s22,-51.0,14.950885947290615
0.0,29.0,57.0,s57,-38.0,s22,-45.0,s06,-53.0,6.159917133813655
0.0,29.0,57.0,s57,-35.0,s20,-53.0,s06,-57.0,8.009565270650228
0.0,29.0,57.0,s57,-50.0,s06,-55.0,s22,-55.0,9.383021217739445
0.0,29.0,57.0,s20,-48.0,s57,-49.0,s06,-54.0,12.504065550379314
0.0,29.0,57.0,s06,-54.0,s20,-54.0,s57,-54.0,10.672398831106173
0.0,29.0,57.0,s06,-48.0,s22,-51.0,s20,-54.0,17.636358841846032
0.0,29.0,57.0,s57,-45.0,s22,-52.0,s20,-55.0,4.655095888182454
0.0,29.0,57.0,s57,-38.0,s22,-48.0,s54,-57.0,26.011069265742275
0.0,29.0,57.0,s06,-48.0,s22,-49.0,s57,-55.0,23.189049367272055
0.0,29.0,57.0,s06,-50.0,s57,-54.0,s20,-56.0,31.102066738643984
0.0,29.0,57.0,s57,-39.0,s22,-47.0,s06,-50.0,8.283075260920725
0.0,29.0,57.0,s57,-39.0,s06,-51.0,s20,-52.0,8.308399859545366
0.0,29.0,57.0,s06,-49.0,s22,-50.0,s57,-51.0,14.59565108092618
0.0,29.0,57.0,s57,-48.0,s22,-50.0,s20,-56.0,3.269508265580561
0.0,29.0,57.0,s57,-33.0,s06,-52.0,s20,-60.0,15.095453779102005
0.0,29.0,57.0,s20,-53.0,s22,-56.0,s06,-58.0,21.47584915332467
0.0,29.0,57.0,s20,-55.0,s22,-57.0,s57,-58.0,34.12282441601327
0.0,29.0,57.0,s57,-46.0,s22,-59.0,s20,-60.0,26.100716634622028
0.0,29.0,57.0,s57,-49.0,s20,-57.0,s06,-59.0,5.695038754900029
0.0,29.0,57.0,s57,-45.0,s22,-49.0,s06,-53.0,6.437082779519944
0.0,29.0,57.0,s57,-48.0,s06,-56.0,s22,-60.0,18.861630618144485
0.0,29.0,57.0,s57,-50.0,s22,-53.0,s06,-59.0,0.86705066332134
0.0,29.0,57.0,s06,-49.0,s57,-52.0,s20,-55.0,19.446126592694196
0.0,29.0,57.0,s06,-45.0,s20,-48.0,s57,-52.0,13.076140795016036
0.0,29.0,57.0,s22,-48.0,s57,-56.0,s06,-60.0,36.542431689773565
0.0,29.0,57.0,s20,-54.0,s57,-55.0,s22,-56.0,15.017733320137431
0.0,29.0,57.0,s57,-41.0,s20,-48.0,s22,-51.0,16.865799394020236
0.0,29.0,57.0,s06,-47.0,s57,-48.0,s22,-54.0,14.266556123811952
0.0,29.0,57.0,s57,-34.0,s06,-49.0,s22,-59.0,22.00130131841555
0.0,29.0,57.0,s57,-34.0,s22,-46.0,s06,-52.0,6.507905276443761
0.0,29.0,57.0,s20,-54.0,s06,-58.0,s57,-58.0,20.625967674424594
0.0,29.0,57.0,s22,-45.0,s57,-57.0,s06,-60.0,23.272979591390822
0.0,29.0,57.0,s06,-45.0,s20,-47.0,s22,-52.0,11.777763123713427
0.0,29.0,57.0,s57,-33.0,s22,-43.0,s20,-58.0,4.025907550849572
0.0,29.0,57.0,s22,-48.0,s57,-48.0,s06,-53.0,12.460975039267524
0.0,29.0,57.0,s06,-46.0,s22,-50.0,s20,-57.0,20.90399123085088
0.0,29.0,57.0,s06,-49.0,s57,-53.0,s22,-55.0,14.88922332690782
0.0,29.0,57.0,s57,-34.0,s06,-49.0,s22,-50.0,14.503662098095024
0.0,29.0,57.0,s06,-51.0,s57,-52.0,s22,-53.0,12.216152947234631
0.0,29.0,57.0,s06,-48.0,s57,-48.0,s22,-53.0,12.523680267781476
0.0,29.0,57.0,s57,-44.0,s22,-55.0,s06,-59.0,6.477979537363861
0.0,29.0,57.0,s57,-44.0,s06,-49.0,s20,-56.0,11.01291902623687
0.0,29.0,57.0,s57,-39.0,s22,-46.0,s20,-51.0,10.497149844667614
0.0,29.0,57.0,s57,-48.0,s22,-53.0,s06,-57.0,5.931271919115348
0.0,29.0,57.0,s57,-47.0,s22,-52.0,s20,-61.0,4.943334608440501
0.0,29.0,57.0,s57,-45.0,s06,-56.0,s20,-56.0,2.257681828791846
0.0,29.0,57.0,s57,-41.0,s20,-51.0,s22,-51.0,16.95499900042919
0.0,29.0,57.0,s57,-43.0,s22,-49.0,s06,-59.0,3.9979996788967127
0.0,29.0,57.0,s57,-52.0,s20,-53.0,s22,-54.0,12.281816966563028
0.0,29.0,57.0,s57,-47.0,s06,-51.0,s22,-57.0,16.346730980288783
0.0,29.0,57.0,s20,-47.0,s06,-48.0,s57,-53.0,16.464360606874887
0.0,29.0,57.0,s57,-54.0,s22,-57.0,s20,-60.0,5.7470045982717215
0.0,29.0,57.0,s06,-46.0,s57,-52.0,s20,-53.0,17.18462498225191
0.0,29.0,57.0,s57,-45.0,s22,-52.0,s20,-53.0,7.655400468799201
0.0,29.0,57.0,s06,-46.0,s20,-50.0,s57,-56.0,22.904535735134786
0.0,29.0,57.0,s06,-53.0,s57,-53.0,s20,-59.0,24.982085838226084
0.0,29.0,57.0,s20,-53.0,s22,-53.0,s57,-54.0,16.953839443918756
0.0,29.0,57.0,s06,-43.0,s57,-47.0,s22,-56.0,34.55238246740228
0.0,29.0,57.0,s06,-52.0,s22,-53.0,s57,-54.0,13.661099085947999
0.0,29.0,57.0,s06,-45.0,s20,-55.0,s22,-55.0,19.486801340637026
0.0,29.0,57.0,s57,-38.0,s20,-54.0,s22,-54.0,7.200591445465599
0.0,29.0,57.0,s06,-50.0,s22,-53.0,s57,-54.0,16.33140008307695
0.0,29.0,57.0,s20,-49.0,s54,-57.0,s05,-61.0,914.1864117065843
0.0,29.0,57.0,s57,-43.0,s06,-44.0,s22,-57.0,16.444932132322027
0.0,29.0,57.0,s22,-52.0,s06,-55.0,s57,-60.0,24.383691352605638
0.0,29.0,57.0,s57,-37.0,s06,-49.0,s20,-58.0,11.969455133335652
0.0,29.0,57.0,s57,-47.0,s20,-50.0,s06,-54.0,10.632234670563626
0.0,29.0,57.0,s57,-45.0,s06,-46.0,s20,-55.0,7.6736530503853295
0.0,29.0,57.0,s22,-48.0,s57,-52.0,s06,-60.0,17.47785104060869
0.0,29.0,57.0,s57,-33.0,s22,-47.0,s20,-51.0,10.491525341491
0.0,29.0,57.0,s57,-43.0,s20,-52.0,s06,-53.0,11.136176553951875
0.0,29.0,57.0,s57,-45.0,s22,-48.0,s06,-61.0,7.131625262161584
0.0,29.0,57.0,s57,-43.0,s22,-51.0,s06,-61.0,7.230509704883391
0.0,29.0,57.0,s57,-45.0,s06,-47.0,s22,-52.0,14.61684330206814
0.0,29.0,57.0,s57,-37.0,s20,-54.0,s54,-58.0,672.6017588121365
0.0,29.0,57.0,s06,-53.0,s22,-53.0,s54,-54.0,33.24041092800589
0.0,29.0,57.0,s57,-49.0,s22,-53.0,s06,-54.0,8.090599975334378
0.0,29.0,57.0,s06,-47.0,s20,-55.0,s57,-57.0,14.843141774586522
0.0,29.0,57.0,s20,-52.0,s06,-54.0,s57,-54.0,12.88073233711695
0.0,29.0,57.0,s57,-48.0,s22,-52.0,s06,-57.0,5.486756508719389
0.0,29.0,57.0,s22,-52.0,s57,-55.0,s06,-57.0,17.20855679398031
0.0,29.0,57.0,s57,-51.0,s06,-52.0,s22,-56.0,20.005127762338383
0.0,29.0,57.0,s57,-47.0,s22,-48.0,s06,-57.0,4.1112299107122405
0.0,29.0,57.0,s57,-35.0,s06,-49.0,s22,-52.0,14.210154032478824
0.0,29.0,57.0,s22,-54.0,s20,-55.0,s57,-55.0,13.273864474531209
0.0,29.0,57.0,s06,-51.0,s57,-51.0,s22,-56.0,34.49200881623782
0.0,29.0,57.0,s57,-36.0,s06,-44.0,s20,-49.0,10.104248956271075
0.0,29.0,57.0,s57,-49.0,s20,-51.0,s06,-56.0,12.369019514839671
0.0,29.0,57.0,s06,-48.0,s22,-54.0,s57,-54.0,17.012697858897322
0.0,29.0,57.0,s20,-47.0,s57,-53.0,s06,-57.0,15.891117981019592
0.0,29.0,57.0,s57,-49.0,s06,-51.0,s20,-53.0,8.674816632347524
0.0,29.0,57.0,s06,-50.0,s20,-51.0,s57,-53.0,13.475743909731529
0.0,29.0,57.0,s20,-53.0,s22,-55.0,s57,-57.0,16.492049917783
0.0,29.0,57.0,s57,-32.0,s22,-46.0,s06,-55.0,4.003982458232099
0.0,29.0,57.0,s20,-53.0,s22,-54.0,s06,-59.0,22.183732292848564
0.0,29.0,57.0,s22,-49.0,s57,-56.0,s06,-61.0,34.42418259322902
0.0,29.0,57.0,s57,-45.0,s06,-54.0,s20,-54.0,6.536278213542499
0.0,29.0,57.0,s22,-47.0,s20,-54.0,s57,-58.0,26.658682062867406
0.0,29.0,57.0,s57,-43.0,s06,-50.0,s22,-54.0,14.146319579241558
0.0,29.0,57.0,s57,-46.0,s06,-52.0,s20,-54.0,6.835213069427571
0.0,29.0,57.0,s57,-44.0,s06,-49.0,s20,-55.0,7.415324492635265
0.0,29.0,57.0,s57,-51.0,s22,-53.0,s06,-58.0,2.1831343924329336
0.0,29.0,57.0,s22,-45.0,s57,-53.0,s06,-57.0,13.560337004444058
0.0,29.0,57.0,s22,-54.0,s20,-55.0,s57,-55.0,13.273864474531209
0.0,29.0,57.0,s22,-52.0,s20,-53.0,s06,-54.0,9.95788567776139
0.0,29.0,57.0,s22,-51.0,s57,-56.0,s06,-59.0,35.04366116165039
0.0,29.0,57.0,s22,-46.0,s57,-58.0,s06,-60.0,39.594903838380965
0.0,29.0,57.0,s20,-48.0,s57,-52.0,s22,-54.0,13.06882922756014
0.0,29.0,57.0,s57,-44.0,s06,-49.0,s22,-54.0,14.605938573837676
0.0,29.0,57.0,s57,-49.0,s06,-53.0,s22,-53.0,11.287196749820172
0.0,29.0,57.0,s57,-51.0,s22,-53.0,s54,-58.0,24.20827953521042
0.0,29.0,57.0,s57,-36.0,s20,-54.0,s22,-54.0,7.200591445465599
0.0,29.0,57.0,s57,-48.0,s06,-51.0,s20,-51.0,10.677217186043425
0.0,29.0,57.0,s06,-46.0,s57,-53.0,s20,-54.0,18.099280422159516
0.0,29.0,57.0,s57,-37.0,s22,-52.0,s20,-53.0,7.655400468799201
0.0,29.0,57.0,s20,-49.0,s06,-57.0,s22,-57.0,9.361870099001573
0.0,29.0,57.0,s57,-40.0,s06,-50.0,s22,-50.0,14.0830230823641
0.0,29.0,57.0,s06,-49.0,s22,-54.0,s57,-55.0,18.069342697911615
0.0,29.0,57.0,s57,-38.0,s20,-53.0,s06,-54.0,9.902243209582325
0.0,29.0,57.0,s06,-51.0,s57,-54.0,s54,-58.0,24.72205522548526
0.0,29.0,57.0,s57,-52.0,s22,-54.0,s54,-57.0,27.249669401177094
0.0,29.0,57.0,s57,-38.0,s06,-46.0,s20,-54.0,7.79536428995359
0.0,29.0,57.0,s20,-51.0,s57,-54.0,s22,-57.0,14.446207517917756
0.0,29.0,57.0,s57,-48.0,s20,-53.0,s22,-57.0,7.64339845589054
0.0,29.0,57.0,s57,-44.0,s06,-50.0,s20,-52.0,8.094723485689991
0.0,29.0,57.0,s20,-48.0,s06,-50.0,s22,-53.0,14.305929793709959
0.0,29.0,57.0,s22,-56.0,s57,-57.0,s31,-60.0,26.783657817380963
0.0,29.0,57.0,s57,-50.0,s22,-51.0,s54,-60.0,21.15708806086151
0.0,29.0,57.0,s57,-47.0,s06,-57.0,s22,-57.0,9.361353577306891
0.0,29.0,57.0,s06,-44.0,s57,-52.0,s22,-57.0,15.893569479748734
0.0,29.0,57.0,s06,-50.0,s57,-53.0,s22,-55.0,14.463664719929696
0.0,29.0,57.0,s57,-37.0,s20,-48.0,s22,-53.0,12.599975615079968
0.0,29.0,57.0,s57,-52.0,s20,-54.0,s22,-60.0,13.857209742893122
0.0,29.0,57.0,s22,-54.0,s57,-55.0,s20,-61.0,15.760645542618937
0.0,29.0,57.0,s06,-45.0,s20,-53.0,s22,-57.0,17.242658190653103
0.0,29.0,57.0,s57,-42.0,s22,-47.0,s06,-49.0,8.6497664537926
0.0,29.0,57.0,s06,-48.0,s57,-52.0,s20,-54.0,17.758455236308105
0.0,29.0,57.0,s06,-47.0,s57,-54.0,s20,-55.0,20.37791275473791
0.0,29.0,57.0,s57,-49.0,s20,-52.0,s22,-55.0,8.344076130428377
0.0,29.0,57.0,s57,-39.0,s06,-51.0,s20,-52.0,8.308399859545366
0.0,29.0,57.0,s57,-46.0,s22,-52.0,s20,-57.0,4.516095390721898
0.0,29.0,57.0,s57,-49.0,s06,-50.0,s22,-56.0,21.883012002879443
0.0,29.0,57.0,s57,-33.0,s20,-53.0,s22,-53.0,9.268334779263315
0.0,29.0,57.0,s57,-51.0,s06,-55.0,s22,-59.0,16.53735515076306
0.0,29.0,57.0,s22,-51.0,s06,-52.0,s20,-61.0,18.209681139363042
0.0,29.0,57.0,s57,-46.0,s06,-48.0,s20,-49.0,10.181811837186883
0.0,29.0,57.0,s22,-45.0,s57,-50.0,s06,-60.0,15.989636854942615
0.0,29.0,57.0,s57,-45.0,s20,-49.0,s06,-56.0,11.530543799890141
0.0,29.0,57.0,s57,-45.0,s20,-52.0,s22,-55.0,7.836992166812081
0.0,29.0,57.0,s57,-50.0,s20,-54.0,s06,-58.0,8.991240943183254
0.0,29.0,57.0,s22,-52.0,s06,-57.0,s57,-57.0,9.704036574219284
0.0,29.0,57.0,s06,-54.0,s22,-57.0,s57,-57.0,16.14960770865492
0.0,29.0,57.0,s57,-47.0,s06,-50.0,s20,-51.0,10.734290194952592
0.0,29.0,57.0,s06,-44.0,s20,-54.0,s57,-57.0,15.217419574514535
0.0,29.0,57.0,s54,-54.0,s22,-55.0,s06,-56.0,173.62150206751355
0.0,29.0,57.0,s06,-51.0,s57,-52.0,s22,-53.0,12.216152947234631
0.0,29.0,57.0,s57,-47.0,s22,-50.0,s06,-51.0,9.696630333847928
0.0,29.0,57.0,s06,-49.0,s57,-51.0,s22,-53.0,12.285976988346711
0.0,29.0,57.0,s57,-50.0,s22,-52.0,s20,-55.0,5.918487423315151
0.0,29.0,57.0,s57,-35.0,s22,-52.0,s20,-57.0,4.459196348561788
0.0,29.0,57.0,s57,-43.0,s06,-54.0,s22,-54.0,10.266758334466147
0.0,29.0,57.0,s57,-41.0,s06,-49.0,s22,-49.0,14.709392260155399
0.0,29.0,57.0,s54,-56.0,s57,-57.0,s06,-58.0,56.13339347604778
0.0,29.0,57.0,s06,-50.0,s57,-55.0,s54,-56.0,25.834779645953795
0.0,29.0,57.0,s57,-33.0,s22,-45.0,s06,-53.0,6.159917133813655
0.0,29.0,57.0,s57,-46.0,s06,-47.0,s22,-56.0,22.647431054096373
0.0,29.0,57.0,s20,-48.0,s06,-49.0,s22,-54.0,15.645408523498192
0.0,29.0,57.0,s20,-52.0,s22,-53.0,s57,-55.0,22.30364132763453
0.0,29.0,57.0,s57,-43.0,s20,-48.0,s06,-51.0,14.695033302989899
0.0,29.0,57.0,s20,-54.0,s22,-57.0,s57,-57.0,16.51965228360357
0.0,29.0,57.0,s57,-46.0,s20,-51.0,s06,-53.0,11.623682675964911
0.0,29.0,57.0,s57,-49.0,s06,-60.0,s22,-60.0,14.987714333397856
0.0,29.0,57.0,s57,-51.0,s22,-54.0,s20,-56.0,2.3602997154161773
0.0,29.0,57.0,s57,-51.0,s20,-55.0,s06,-61.0,7.1833107711495225
0.0,29.0,57.0,s57,-51.0,s22,-56.0,s06,-57.0,29.296203651732714
0.0,29.0,57.0,s06,-50.0,s22,-53.0,s57,-56.0,31.629027981131728
0.0,29.0,57.0,s57,-36.0,s20,-55.0,s22,-60.0,13.24818713484423
0.0,29.0,57.0,s57,-35.0,s06,-49.0,s22,-50.0,14.503662098095024
0.0,29.0,57.0,s06,-52.0,s57,-52.0,s22,-56.0,26.962609100625198
0.0,29.0,57.0,s06,-50.0,s20,-55.0,s57,-55.0,14.634313852782821
0.0,29.0,57.0,s06,-48.0,s20,-54.0,s57,-56.0,22.042470012621866
0.0,29.0,57.0,s57,-41.0,s22,-49.0,s06,-56.0,4.203110594010666
0.0,29.0,57.0,s22,-48.0,s06,-55.0,s57,-55.0,14.019223652543932
0.0,29.0,57.0,s57,-34.0,s06,-48.0,s22,-52.0,14.536947555074972
0.0,29.0,57.0,s57,-39.0,s22,-48.0,s54,-55.0,26.08573692465682
0.0,29.0,57.0,s57,-42.0,s54,-58.0,s06,-60.0,31.041940123744993
0.0,29.0,57.0,s57,-37.0,s22,-49.0,s06,-54.0,5.56085418687896
0.0,29.0,57.0,s06,-48.0,s20,-49.0,s57,-51.0,10.215055928086574
0.0,29.0,57.0,s06,-47.0,s57,-50.0,s22,-56.0,33.05396633453432
0.0,29.0,57.0,s20,-52.0,s57,-56.0,s22,-57.0,23.421510769577257
0.0,29.0,57.0,s22,-51.0,s57,-52.0,s54,-61.0,33.929063734098534
0.0,29.0,57.0,s57,-36.0,s20,-46.0,s22,-56.0,11.682985313253566
0.0,29.0,57.0,s57,-46.0,s22,-51.0,s54,-61.0,22.294175309065157
0.0,29.0,57.0,s06,-44.0,s57,-46.0,s20,-53.0,16.677429142918708
0.0,29.0,57.0,s06,-47.0,s20,-47.0,s22,-51.0,9.171445706943755
0.0,29.0,57.0,s20,-49.0,s57,-50.0,s22,-59.0,22.894259683889572
0.0,29.0,57.0,s57,-43.0,s22,-49.0,s20,-55.0,5.120624661057243
0.0,29.0,57.0,s57,-40.0,s06,-50.0,s22,-52.0,13.752794722378523
0.0,29.0,57.0,s57,-47.0,s22,-51.0,s20,-52.0,8.210176745538751
0.0,29.0,57.0,s06,-47.0,s57,-51.0,s22,-60.0,50.66558598981034
0.0,29.0,57.0,s22,-50.0,s06,-53.0,s57,-53.0,10.293441237547919
0.0,29.0,57.0,s57,-42.0,s22,-49.0,s06,-57.0,3.904856225616371
0.0,29.0,57.0,s57,-38.0,s54,-55.0,s20,-59.0,374.70677244709253
0.0,29.0,57.0,s06,-50.0,s54,-58.0,s57,-58.0,28.879957045472942
0.0,29.0,57.0,s22,-48.0,s57,-49.0,s06,-52.0,13.067147693264179
0.0,29.0,57.0,s57,-49.0,s06,-51.0,s20,-56.0,11.493174988558897
0.0,29.0,57.0,s57,-45.0,s06,-48.0,s20,-56.0,11.22380057859222
0.0,29.0,57.0,s22,-53.0,s57,-53.0,s20,-55.0,12.005325056452184
0.0,29.0,57.0,s06,-44.0,s57,-46.0,s22,-51.0,9.103464677296286
0.0,29.0,57.0,s57,-47.0,s22,-48.0,s06,-53.0,6.3590221721298645
0.0,29.0,57.0,s57,-38.0,s20,-49.0,s22,-58.0,11.988721772684588
0.0,29.0,57.0,s22,-47.0,s06,-55.0,s20,-56.0,12.480866869764629
0.0,29.0,57.0,s57,-38.0,s20,-47.0,s22,-50.0,15.703361285416277
0.0,29.0,57.0,s22,-49.0,s57,-54.0,s06,-56.0,14.154948658759144
0.0,29.0,57.0,s57,-35.0,s22,-52.0,s06,-60.0,8.300182189211133
0.0,29.0,57.0,s57,-48.0,s22,-50.0,s06,-53.0,6.804935259580297
0.0,29.0,57.0,s06,-48.0,s22,-52.0,s57,-59.0,32.365298727903394
0.0,29.0,57.0,s57,-32.0,s20,-54.0,s22,-56.0,9.265397009808241
0.0,29.0,57.0,s57,-49.0,s22,-53.0,s06,-55.0,6.051619480674211
0.0,29.0,57.0,s22,-51.0,s06,-53.0,s54,-59.0,112.53346931456059
0.0,29.0,57.0,s57,-35.0,s22,-50.0,s20,-55.0,4.9655466845634075
0.0,29.0,57.0,s57,-47.0,s20,-53.0,s22,-56.0,9.826705373644813
0.0,29.0,57.0,s22,-50.0,s20,-60.0,s06,-61.0,11.066910942646803
0.0,29.0,57.0,s57,-47.0,s06,-49.0,s20,-51.0,10.661784330813273
0.0,29.0,57.0,s57,-53.0,s22,-54.0,s06,-56.0,0.7796829497253176
0.0,29.0,57.0,s06,-52.0,s20,-54.0,s22,-54.0,11.645829890123805
0.0,29.0,57.0,s06,-46.0,s57,-55.0,s20,-56.0,32.891724715434314
0.0,29.0,57.0,s57,-48.0,s06,-49.0,s22,-51.0,15.145961894205326
0.0,29.0,57.0,s57,-42.0,s06,-47.0,s20,-52.0,8.302083577732665
0.0,29.0,57.0,s57,-46.0,s06,-51.0,s20,-61.0,13.8587134643268
0.0,29.0,57.0,s57,-43.0,s06,-48.0,s20,-53.0,8.098123997723295
0.0,29.0,57.0,s57,-36.0,s06,-49.0,s22,-51.0,14.950885947290615
0.0,29.0,57.0,s57,-38.0,s06,-53.0,s20,-57.0,5.80967834679297
0.0,29.0,57.0,s57,-46.0,s06,-53.0,s22,-53.0,11.144905655800708
0.0,29.0,57.0,s06,-51.0,s22,-51.0,s57,-53.0,19.059428429753893
0.0,29.0,57.0,s57,-37.0,s22,-54.0,s06,-59.0,1.0850127481542402
0.0,29.0,57.0,s57,-33.0,s22,-51.0,s06,-59.0,4.443750361524198
0.0,29.0,57.0,s57,-39.0,s22,-51.0,s06,-52.0,6.528531960261648
0.0,29.0,57.0,s57,-48.0,s06,-51.0,s22,-51.0,15.519963483922197
0.0,29.0,57.0,s06,-48.0,s20,-48.0,s57,-56.0,23.23022320294101
0.0,29.0,57.0,s20,-49.0,s06,-54.0,s22,-55.0,11.659884858237502
0.0,29.0,57.0,s57,-48.0,s22,-54.0,s06,-58.0,2.2087750957528747
0.0,29.0,57.0,s57,-55.0,s20,-56.0,s06,-58.0,10.027006031614489
0.0,29.0,57.0,s57,-42.0,s20,-53.0,s06,-59.0,8.487252486192867
0.0,29.0,57.0,s57,-47.0,s20,-49.0,s06,-56.0,11.651499527385807
0.0,29.0,57.0,s57,-38.0,s06,-49.0,s22,-50.0,14.503662098095024
0.0,29.0,57.0,s22,-43.0,s57,-43.0,s06,-51.0,15.402065547203485
0.0,29.0,57.0,s57,-47.0,s06,-52.0,s22,-55.0,13.133669053655144
0.0,29.0,57.0,s57,-34.0,s20,-50.0,s22,-52.0,12.251755991734663
0.0,29.0,57.0,s57,-34.0,s22,-55.0,s06,-60.0,8.55162878538821
0.0,29.0,57.0,s06,-51.0,s57,-52.0,s22,-56.0,29.689365788124437
0.0,29.0,57.0,s57,-36.0,s06,-54.0,s22,-61.0,22.143091848525216
0.0,29.0,57.0,s57,-42.0,s06,-52.0,s20,-52.0,7.858400302544264
0.0,29.0,57.0,s22,-49.0,s57,-50.0,s06,-53.0,12.78490067215023
0.0,29.0,57.0,s20,-49.0,s57,-50.0,s22,-52.0,10.957543442443896
0.0,29.0,57.0,s57,-46.0,s06,-49.0,s22,-58.0,23.553958119193034
0.0,29.0,57.0,s57,-41.0,s22,-52.0,s06,-55.0,5.764274099748968
0.0,29.0,57.0,s57,-44.0,s20,-51.0,s06,-52.0,11.836554772922897
0.0,29.0,57.0,s57,-33.0,s22,-48.0,s06,-60.0,10.485014159919288
0.0,29.0,57.0,s22,-48.0,s57,-51.0,s06,-60.0,14.809914790740134
0.0,29.0,57.0,s57,-34.0,s20,-55.0,s22,-55.0,4.620695371028842
0.0,29.0,57.0,s57,-42.0,s20,-48.0,s06,-54.0,10.923743751397188
0.0,29.0,57.0,s57,-35.0,s06,-51.0,s22,-55.0,16.1775849136166
0.0,29.0,57.0,s57,-35.0,s22,-49.0,s20,-61.0,5.121559183240004
0.0,29.0,57.0,s57,-37.0,s22,-48.0,s06,-51.0,9.056323294517897
0.0,29.0,57.0,s57,-33.0,s22,-49.0,s06,-61.0,6.820865962748492
0.0,29.0,57.0,s06,-45.0,s57,-45.0,s22,-54.0,14.607683432971164
0.0,29.0,57.0,s57,-43.0,s06,-50.0,s22,-51.0,14.55780886540626
0.0,29.0,57.0,s57,-41.0,s22,-51.0,s06,-59.0,4.443750361524198
0.0,29.0,57.0,s57,-43.0,s22,-49.0,s20,-52.0,7.9609015168005515
0.0,29.0,57.0,s57,-49.0,s06,-51.0,s22,-51.0,15.802660519341323
0.0,29.0,57.0,s57,-39.0,s22,-52.0,s06,-54.0,7.8463730168030175
0.0,29.0,57.0,s06,-51.0,s22,-52.0,s54,-55.0,26.762592131735655
0.0,29.0,57.0,s06,-45.0,s22,-54.0,s20,-55.0,21.704788235558766
0.0,29.0,57.0,s57,-37.0,s06,-50.0,s22,-54.0,14.146319579241558
0.0,29.0,57.0,s57,-48.0,s22,-56.0,s06,-59.0,24.780182944363226
0.0,29.0,57.0,s57,-40.0,s06,-47.0,s22,-53.0,14.68205963749588
0.0,29.0,57.0,s57,-45.0,s06,-50.0,s20,-60.0,16.40968995274496
0.0,29.0,57.0,s57,-42.0,s22,-44.0,s06,-53.0,6.159917133813655
0.0,29.0,57.0,s57,-46.0,s06,-48.0,s20,-50.0,9.794946148223834
0.0,29.0,57.0,s20,-51.0,s22,-52.0,s57,-52.0,18.428207377584666
0.0,29.0,57.0,s57,-51.0,s22,-54.0,s06,-56.0,1.721019286331114
0.0,29.0,57.0,s57,-48.0,s20,-53.0,s22,-53.0,9.557062324007562
0.0,29.0,57.0,s57,-44.0,s22,-51.0,s06,-54.0,5.391700419875839
0.0,29.0,57.0,s57,-44.0,s20,-59.0,s22,-59.0,7.803700626412326
0.0,29.0,57.0,s57,-33.0,s22,-48.0,s06,-61.0,7.131625262161584
0.0,29.0,57.0,s06,-48.0,s57,-51.0,s22,-52.0,12.028669891414937
0.0,29.0,57.0,s22,-47.0,s57,-49.0,s06,-53.0,12.806693519034114
0.0,29.0,57.0,s57,-43.0,s06,-55.0,s22,-57.0,9.57606627276023
0.0,29.0,57.0,s57,-41.0,s06,-49.0,s20,-50.0,9.726224028781365
0.0,29.0,57.0,s06,-44.0,s57,-44.0,s20,-55.0,20.588612326890857
0.0,29.0,57.0,s57,-51.0,s22,-52.0,s20,-55.0,4.7393792977132065
0.0,29.0,57.0,s57,-41.0,s22,-47.0,s06,-50.0,8.283075260920725
0.0,29.0,57.0,s57,-47.0,s22,-53.0,s06,-60.0,7.9341760265627945
0.0,29.0,57.0,s57,-38.0,s06,-51.0,s22,-56.0,22.671632510387877
0.0,29.0,57.0,s22,-52.0,s57,-57.0,s06,-59.0,17.190218746319825
0.0,29.0,57.0,s06,-49.0,s20,-54.0,s22,-61.0,26.80587996735282
0.0,29.0,57.0,s57,-48.0,s22,-51.0,s06,-54.0,5.597522983938686
0.0,29.0,57.0,s57,-44.0,s06,-52.0,s20,-54.0,6.749647806495929
0.0,29.0,57.0,s57,-45.0,s06,-50.0,s20,-52.0,8.094723485689991
0.0,29.0,57.0,s57,-35.0,s06,-56.0,s22,-56.0,11.221717505715022
0.0,29.0,57.0,s57,-46.0,s06,-50.0,s20,-56.0,10.749372612656629
0.0,29.0,57.0,s57,-44.0,s22,-45.0,s06,-54.0,5.350832172223246
0.0,29.0,57.0,s57,-36.0,s22,-53.0,s06,-59.0,0.9297553678545272
0.0,29.0,57.0,s57,-39.0,s06,-50.0,s22,-50.0,14.0830230823641
0.0,29.0,57.0,s57,-41.0,s22,-53.0,s20,-57.0,4.526089209660711
0.0,29.0,57.0,s57,-46.0,s06,-50.0,s22,-53.0,13.848756241869614
0.0,29.0,57.0,s57,-48.0,s06,-52.0,s20,-52.0,8.045705638129425
0.0,29.0,57.0,s57,-51.0,s06,-52.0,s20,-52.0,7.962003217920042
0.0,29.0,57.0,s22,-48.0,s06,-55.0,s54,-60.0,116.33785721511768
0.0,29.0,57.0,s57,-38.0,s06,-55.0,s22,-58.0,18.2366059583233
0.0,29.0,57.0,s20,-51.0,s22,-51.0,s06,-54.0,11.691772756712751
0.0,29.0,57.0,s57,-45.0,s22,-47.0,s20,-56.0,3.3676735172274426
0.0,29.0,57.0,s22,-49.0,s06,-53.0,s20,-61.0,18.185337641542418
0.0,29.0,57.0,s57,-31.0,s22,-49.0,s06,-60.0,10.213460947962716
0.0,29.0,57.0,s57,-38.0,s06,-52.0,s22,-52.0,11.497540760187075
0.0,29.0,57.0,s06,-54.0,s57,-58.0,s22,-60.0,24.61953454922467
0.0,29.0,57.0,s06,-50.0,s22,-51.0,s20,-55.0,18.547947534409115
0.0,29.0,57.0,s57,-46.0,s20,-52.0,s06,-53.0,11.158756038859334
0.0,29.0,57.0,s06,-48.0,s57,-49.0,s20,-51.0,14.81610283702053
0.0,29.0,57.0,s57,-46.0,s22,-49.0,s06,-52.0,6.801461876346679
0.0,29.0,57.0,s57,-42.0,s22,-48.0,s06,-53.0,6.265491931220743
0.0,29.0,57.0,s57,-44.0,s06,-48.0,s20,-53.0,8.098123997723295
0.0,29.0,57.0,s57,-56.0,s20,-57.0,s54,-58.0,435.05205643564227
0.0,29.0,57.0,s22,-51.0,s57,-51.0,s06,-57.0,10.01193171698842
0.0,29.0,57.0,s57,-36.0,s22,-46.0,s06,-49.0,8.604455811037107
0.0,29.0,57.0,s57,-54.0,s06,-58.0,s22,-60.0,16.921382362263962
0.0,29.0,57.0,s57,-48.0,s20,-57.0,s22,-60.0,13.16703389970801
0.0,29.0,57.0,s57,-44.0,s06,-61.0,s22,-61.0,12.980780586736179
0.0,29.0,57.0,s57,-38.0,s22,-45.0,s06,-61.0,7.354526467827119
0.0,29.0,57.0,s57,-41.0,s06,-53.0,s22,-54.0,11.449343521190961
0.0,29.0,57.0,s57,-45.0,s06,-52.0,s22,-52.0,11.497540760187075
0.0,29.0,57.0,s06,-50.0,s57,-51.0,s22,-55.0,17.38024135728203
0.0,29.0,57.0,s57,-53.0,s06,-58.0,s22,-58.0,11.517220266763475
0.0,29.0,57.0,s57,-41.0,s22,-49.0,s20,-58.0,3.7723283039633353
0.0,29.0,57.0,s20,-56.0,s22,-57.0,s57,-57.0,14.15146280221532
0.0,29.0,57.0,s57,-34.0,s06,-51.0,s22,-53.0,14.705560888996708
0.0,29.0,57.0,s57,-48.0,s22,-57.0,s20,-58.0,7.242269183232508
0.0,29.0,57.0,s06,-49.0,s20,-49.0,s22,-55.0,14.752279204745443
0.0,29.0,57.0,s57,-52.0,s22,-53.0,s06,-55.0,6.6104067882631155
0.0,29.0,57.0,s22,-54.0,s06,-58.0,s20,-60.0,4.272720935418611
0.0,29.0,57.0,s57,-39.0,s22,-46.0,s06,-52.0,6.507905276443761
0.0,29.0,57.0,s57,-41.0,s22,-43.0,s20,-59.0,3.3518809230002002
0.0,29.0,57.0,s22,-48.0,s57,-49.0,s06,-61.0,12.146560293888456
0.0,29.0,57.0,s57,-34.0,s22,-49.0,s20,-59.0,3.0178002417548146
0.0,29.0,57.0,s57,-34.0,s22,-56.0,s06,-61.0,23.92821782470272
0.0,29.0,57.0,s06,-52.0,s57,-54.0,s22,-61.0,31.919846437445567
0.0,29.0,57.0,s57,-39.0,s20,-55.0,s22,-58.0,9.301123675666096
0.0,29.0,57.0,s57,-46.0,s06,-55.0,s20,-58.0,7.85955790239188
0.0,29.0,57.0,s57,-34.0,s22,-51.0,s06,-58.0,5.572472138714649
0.0,29.0,57.0,s57,-42.0,s06,-50.0,s20,-61.0,13.294962390176764
0.0,29.0,57.0,s57,-38.0,s22,-44.0,s06,-60.0,10.681512333039999
0.0,29.0,57.0,s57,-34.0,s22,-48.0,s06,-56.0,4.541541363801599
0.0,29.0,57.0,s57,-39.0,s22,-54.0,s06,-56.0,1.0881050910185344
0.0,29.0,57.0,s57,-42.0,s20,-57.0,s22,-57.0,4.487949115617781
0.0,29.0,57.0,s57,-50.0,s06,-53.0,s22,-57.0,12.961493982834364
0.0,29.0,57.0,s06,-47.0,s57,-49.0,s22,-54.0,14.007920457541303
0.0,29.0,57.0,s57,-35.0,s22,-48.0,s06,-57.0,3.886246618889639
0.0,29.0,57.0,s57,-52.0,s22,-54.0,s06,-60.0,6.429401272867839
0.0,29.0,57.0,s06,-43.0,s20,-54.0,s54,-55.0,44.20490593029482
0.0,29.0,57.0,s57,-48.0,s22,-52.0,s06,-59.0,1.1916341718673902
0.0,29.0,57.0,s57,-36.0,s06,-50.0,s22,-50.0,14.0830230823641
0.0,29.0,57.0,s57,-46.0,s06,-50.0,s20,-54.0,7.518911099539816
0.0,29.0,57.0,s57,-44.0,s06,-50.0,s22,-58.0,23.177347852333956
0.0,29.0,57.0,s06,-48.0,s20,-48.0,s57,-57.0,16.602153828980992
0.0,29.0,57.0,s22,-46.0,s06,-54.0,s20,-55.0,5.475010388076936
0.0,29.0,57.0,s57,-47.0,s20,-48.0,s22,-53.0,12.813431792850034
0.0,29.0,57.0,s06,-55.0,s22,-55.0,s57,-55.0,15.348293320340119
0.0,29.0,57.0,s20,-52.0,s57,-56.0,s06,-61.0,27.58772711224602
0.0,29.0,57.0,s22,-47.0,s06,-58.0,s57,-58.0,21.055669437659922
0.0,29.0,57.0,s57,-46.0,s20,-49.0,s22,-52.0,12.813939994023821
0.0,29.0,57.0,s06,-55.0,s57,-55.0,s22,-56.0,17.511798766168315
0.0,29.0,57.0,s57,-36.0,s22,-56.0,s20,-59.0,23.819373337931495
0.0,29.0,57.0,s57,-49.0,s06,-50.0,s20,-51.0,11.028360251382813
0.0,29.0,57.0,s57,-43.0,s22,-52.0,s20,-54.0,6.631180281754816
0.0,29.0,57.0,s57,-31.0,s22,-53.0,s06,-60.0,8.090543885645285
0.0,29.0,57.0,s22,-48.0,s57,-49.0,s20,-54.0,13.803418373574528
0.0,29.0,57.0,s57,-51.0,s20,-53.0,s22,-59.0,9.655557224505165
0.0,29.0,57.0,s06,-49.0,s22,-52.0,s57,-53.0,16.24482426860899
0.0,29.0,57.0,s57,-46.0,s06,-51.0,s22,-52.0,14.68018324772095
0.0,29.0,57.0,s06,-47.0,s57,-48.0,s20,-51.0,14.754774924313248
0.0,29.0,57.0,s57,-36.0,s22,-51.0,s06,-55.0,4.004193047508756
0.0,29.0,57.0,s57,-45.0,s06,-50.0,s20,-60.0,16.40968995274496
0.0,29.0,57.0,s57,-33.0,s22,-52.0,s06,-60.0,8.300182189211133
0.0,29.0,57.0,s22,-47.0,s57,-57.0,s06,-61.0,20.34234442155773
0.0,29.0,57.0,s57,-54.0,s22,-55.0,s06,-60.0,5.671628918747647
0.0,29.0,57.0,s06,-52.0,s22,-53.0,s54,-56.0,25.917802519985496
0.0,29.0,57.0,s57,-44.0,s06,-51.0,s22,-59.0,22.371313169228884
0.0,29.0,57.0,s57,-52.0,s20,-58.0,s22,-59.0,9.901489434821643
0.0,29.0,57.0,s57,-44.0,s22,-48.0,s06,-51.0,9.056323294517897
0.0,29.0,57.0,s57,-50.0,s06,-53.0,s22,-53.0,11.422947209633167
0.0,29.0,57.0,s57,-34.0,s22,-48.0,s06,-55.0,4.007033875787196
0.0,29.0,57.0,s57,-33.0,s22,-56.0,s06,-61.0,23.92821782470272
0.0,29.0,57.0,s57,-45.0,s22,-51.0,s06,-53.0,6.216893718060164
0.0,29.0,57.0,s57,-50.0,s06,-52.0,s20,-56.0,9.71799857196096
0.0,29.0,57.0,s22,-48.0,s20,-52.0,s06,-55.0,6.269211509087328
0.0,29.0,57.0,s57,-43.0,s22,-49.0,s06,-50.0,8.573586462729214
0.0,29.0,57.0,s22,-48.0,s06,-51.0,s57,-53.0,11.322015660143766
0.0,29.0,57.0,s57,-49.0,s06,-50.0,s20,-61.0,13.39206153706524
0.0,29.0,57.0,s57,-42.0,s22,-47.0,s20,-55.0,5.275195860746863
0.0,29.0,57.0,s57,-42.0,s06,-50.0,s20,-59.0,10.493243595423712
0.0,29.0,57.0,s20,-52.0,s06,-56.0,s22,-58.0,12.174706051830992
0.0,29.0,57.0,s57,-46.0,s06,-49.0,s22,-52.0,14.249205038092727
0.0,29.0,57.0,s57,-48.0,s06,-49.0,s22,-49.0,14.890428203850831
0.0,29.0,57.0,s57,-52.0,s06,-54.0,s22,-57.0,11.753401985531916
0.0,29.0,57.0,s57,-41.0,s22,-47.0,s06,-50.0,8.283075260920725
0.0,29.0,57.0,s20,-54.0,s22,-55.0,s57,-59.0,32.628801800395244
0.0,29.0,57.0,s57,-48.0,s06,-55.0,s22,-55.0,9.398835078428002
0.0,29.0,57.0,s06,-44.0,s22,-49.0,s57,-49.0,15.657454578213933
0.0,29.0,57.0,s57,-42.0,s06,-50.0,s22,-50.0,14.0830230823641
0.0,29.0,57.0,s06,-50.0,s57,-50.0,s54,-59.0,24.14403526300238
0.0,29.0,57.0,s57,-48.0,s22,-51.0,s20,-53.0,7.989702777897765
0.0,29.0,57.0,s20,-45.0,s06,-48.0,s57,-48.0,14.651431137634018
0.0,29.0,57.0,s57,-33.0,s22,-51.0,s20,-56.0,3.381221216594522
0.0,29.0,57.0,s57,-47.0,s22,-50.0,s06,-55.0,4.3082647397158595
0.0,29.0,57.0,s57,-48.0,s20,-54.0,s06,-56.0,7.736585934082928
0.0,29.0,57.0,s57,-50.0,s06,-53.0,s22,-55.0,12.812924374041309
0.0,29.0,57.0,s20,-52.0,s06,-55.0,s22,-57.0,9.489355107054365
0.0,29.0,57.0,s22,-51.0,s57,-52.0,s06,-55.0,12.84888668757438
0.0,29.0,57.0,s57,-52.0,s06,-54.0,s54,-57.0,47.302185112611106
0.0,29.0,57.0,s57,-40.0,s06,-51.0,s20,-51.0,10.49807429862492
0.0,29.0,57.0,s57,-49.0,s06,-53.0,s20,-56.0,9.236113592646845
0.0,29.0,57.0,s06,-51.0,s22,-51.0,s57,-54.0,20.562296520373376
0.0,29.0,57.0,s57,-48.0,s20,-49.0,s06,-50.0,13.855114923521485
0.0,29.0,57.0,s06,-45.0,s20,-53.0,s22,-59.0,23.827390294227133
0.0,29.0,57.0,s57,-42.0,s06,-49.0,s22,-52.0,14.210154032478824
0.0,29.0,57.0,s57,-37.0,s06,-50.0,s22,-54.0,14.146319579241558
0.0,29.0,57.0,s57,-48.0,s06,-56.0,s22,-56.0,11.176747196931647
0.0,29.0,57.0,s57,-33.0,s22,-48.0,s20,-56.0,3.3216291179551076
0.0,29.0,57.0,s57,-46.0,s06,-51.0,s22,-52.0,14.68018324772095
0.0,29.0,57.0,s22,-53.0,s57,-55.0,s06,-57.0,17.04956012807912
0.0,29.0,20.0,s06,-43.0,s20,-43.0,s57,-46.0,10.410349734338192
0.0,29.0,20.0,s57,-54.0,s22,-60.0,s31,-61.0,32.226657194241476
0.0,29.0,20.0,s20,-49.0,s57,-49.0,s06,-52.0,11.056173339922788
0.0,29.0,20.0,s20,-36.0,s06,-43.0,s22,-57.0,11.230224904988535
0.0,29.0,20.0,s20,-48.0,s57,-52.0,s54,-55.0,187.63641315233517
0.0,29.0,20.0,s20,-46.0,s57,-48.0,s06,-52.0,11.279099269242966
0.0,29.0,20.0,s20,-44.0,s06,-46.0,s05,-59.0,25.38212822112841
0.0,29.0,20.0,s20,-34.0,s06,-52.0,s57,-52.0,9.21833454957309
0.0,29.0,20.0,s06,-47.0,s57,-51.0,s54,-61.0,1.6360562715288023
0.0,29.0,20.0,s20,-46.0,s06,-50.0,s57,-53.0,11.195185934637522
0.0,29.0,20.0,s20,-41.0,s06,-51.0,s31,-60.0,6.9152633373144425
0.0,29.0,20.0,s06,-44.0,s20,-46.0,s57,-46.0,10.471941707660982
0.0,29.0,20.0,s20,-36.0,s57,-48.0,s06,-52.0,11.26917854066363
0.0,29.0,20.0,s20,-46.0,s06,-48.0,s57,-51.0,14.648965953383586
0.0,29.0,20.0,s57,-49.0,s20,-51.0,s54,-53.0,665.1227800606327
0.0,29.0,20.0,s20,-46.0,s06,-51.0,s57,-52.0,12.603118478431101
0.0,29.0,20.0,s57,-45.0,s20,-47.0,s22,-55.0,10.977967563787333
0.0,29.0,20.0,s57,-52.0,s22,-58.0,s54,-61.0,21.98884988645525
0.0,29.0,20.0,s57,-46.0,s20,-49.0,s06,-54.0,11.635711701949305
0.0,29.0,20.0,s20,-46.0,s57,-49.0,s06,-55.0,14.16867382330083
0.0,29.0,20.0,s20,-53.0,s06,-54.0,s57,-54.0,11.25270218706425
0.0,29.0,20.0,s20,-42.0,s06,-52.0,s54,-56.0,9.884140170487546
0.0,29.0,20.0,s20,-50.0,s57,-50.0,s54,-53.0,226.60829833183823
0.0,29.0,20.0,s20,-43.0,s06,-52.0,s57,-53.0,8.863829683444177
0.0,29.0,20.0,s20,-48.0,s06,-54.0,s57,-56.0,2.7432304297765917
0.0,29.0,20.0,s20,-38.0,s06,-50.0,s57,-50.0,13.039865087313098
0.0,29.0,20.0,s20,-49.0,s57,-53.0,s31,-59.0,28.350696339436062
0.0,29.0,20.0,s06,-50.0,s20,-50.0,s57,-56.0,5.2111940745309555
0.0,29.0,20.0,s20,-44.0,s06,-48.0,s54,-59.0,9.93432303856214
0.0,29.0,20.0,s06,-46.0,s20,-48.0,s54,-55.0,22.1525474231544
0.0,29.0,20.0,s20,-44.0,s06,-55.0,s54,-56.0,11.725830016175879
0.0,29.0,20.0,s20,-49.0,s06,-50.0,s57,-59.0,8.806896604789255
0.0,29.0,20.0,s06,-44.0,s57,-49.0,s20,-51.0,14.657617210706297
0.0,29.0,20.0,s20,-44.0,s57,-47.0,s06,-55.0,14.625532391739917
0.0,29.0,20.0,s06,-49.0,s20,-53.0,s54,-53.0,28.623841433460512
0.0,29.0,20.0,s20,-47.0,s06,-53.0,s54,-59.0,10.169020329356133
0.0,29.0,20.0,s20,-40.0,s06,-49.0,s54,-50.0,16.63796418118871
0.0,29.0,20.0,s20,-45.0,s57,-55.0,s22,-61.0,14.075434568634265
0.0,29.0,20.0,s20,-38.0,s06,-46.0,s54,-57.0,13.505467978450959
0.0,29.0,20.0,s20,-34.0,s57,-48.0,s06,-49.0,10.354983275883795
0.0,29.0,20.0,s20,-52.0,s57,-55.0,s54,-58.0,154.73078298917412
0.0,29.0,20.0,s20,-44.0,s57,-51.0,s06,-55.0,14.64829402012747
0.0,29.0,20.0,s57,-48.0,s20,-53.0,s54,-58.0,628.2542370393672
0.0,29.0,20.0,s20,-48.0,s06,-50.0,s57,-51.0,14.004803096050667
0.0,29.0,20.0,s57,-48.0,s06,-54.0,s22,-57.0,10.083957690686809
0.0,29.0,20.0,s20,-48.0,s06,-50.0,s22,-56.0,8.152196719844301
0.0,29.0,20.0,s20,-37.0,s06,-53.0,s57,-54.0,7.5702535462415
0.0,29.0,20.0,s20,-41.0,s57,-52.0,s06,-53.0,8.52616210249074
0.0,29.0,20.0,s57,-47.0,s06,-49.0,s20,-52.0,13.22190530080454
0.0,29.0,20.0,s06,-47.0,s20,-52.0,s57,-55.0,9.903650519504751
0.0,29.0,20.0,s20,-35.0,s57,-56.0,s22,-58.0,3.925252998364717
0.0,29.0,20.0,s06,-50.0,s54,-57.0,s31,-60.0,6.846182183886574
0.0,29.0,20.0,s20,-32.0,s57,-52.0,s06,-60.0,38.537133406042855
0.0,29.0,20.0,s57,-46.0,s20,-49.0,s31,-60.0,81.3122205079289
0.0,29.0,20.0,s20,-47.0,s06,-55.0,s57,-56.0,2.4116889985367274
0.0,29.0,20.0,s20,-45.0,s54,-54.0,s31,-56.0,15.553583758109244
0.0,29.0,20.0,s06,-41.0,s57,-50.0,s20,-57.0,25.644620339563076
0.0,29.0,20.0,s06,-47.0,s57,-51.0,s20,-53.0,19.893209570715584
0.0,29.0,20.0,s06,-52.0,s20,-53.0,s57,-55.0,8.128283701059443
0.0,29.0,20.0,s20,-33.0,s06,-45.0,s57,-51.0,14.795589617317853
0.0,29.0,20.0,s57,-48.0,s20,-54.0,s06,-55.0,14.90444069680959
0.0,29.0,20.0,s20,-38.0,s06,-48.0,s57,-50.0,13.897131659993505
0.0,29.0,20.0,s06,-52.0,s54,-55.0,s31,-60.0,7.914988094084435
0.0,29.0,20.0,s20,-37.0,s06,-49.0,s57,-54.0,10.925587626321626
0.0,29.0,20.0,s57,-43.0,s20,-44.0,s22,-56.0,11.90410825398888
0.0,29.0,20.0,s20,-44.0,s06,-45.0,s57,-46.0,14.825690485062491
0.0,29.0,20.0,s06,-54.0,s20,-57.0,s22,-60.0,5.73602738581926
0.0,29.0,20.0,s20,-43.0,s54,-55.0,s57,-55.0,477.6205228531531
0.0,29.0,20.0,s20,-54.0,s57,-55.0,s54,-57.0,211.34588721319682
0.0,29.0,20.0,s06,-42.0,s22,-56.0,s57,-59.0,11.138402001051086
0.0,29.0,20.0,s20,-37.0,s06,-54.0,s57,-54.0,6.921320333703433
0.0,29.0,20.0,s20,-46.0,s06,-50.0,s57,-54.0,10.405545830442971
0.0,29.0,20.0,s20,-47.0,s54,-55.0,s57,-55.0,482.75077135718
0.0,29.0,20.0,s57,-46.0,s20,-48.0,s06,-52.0,12.15684346843951
0.0,29.0,20.0,s20,-34.0,s06,-48.0,s54,-55.0,13.61733232265983
0.0,29.0,20.0,s20,-47.0,s57,-52.0,s06,-55.0,11.463255204992477
0.0,29.0,20.0,s06,-52.0,s57,-52.0,s31,-56.0,12.917859756600366
0.0,29.0,20.0,s20,-47.0,s54,-55.0,s06,-61.0,15.558581322073751
0.0,29.0,20.0,s20,-38.0,s06,-46.0,s57,-54.0,11.591495606946086
0.0,29.0,20.0,s06,-54.0,s54,-54.0,s57,-58.0,24.765921685008934
0.0,29.0,20.0,s20,-39.0,s57,-48.0,s06,-57.0,14.811762327569497
0.0,29.0,20.0,s20,-44.0,s57,-44.0,s06,-51.0,10.499500334923107
0.0,29.0,20.0,s20,-46.0,s57,-48.0,s54,-56.0,173.223483176785
0.0,29.0,20.0,s57,-49.0,s20,-50.0,s54,-55.0,651.1600612510083
0.0,29.0,20.0,s57,-48.0,s31,-58.0,s54,-58.0,3.5338293916924317
0.0,29.0,20.0,s20,-44.0,s06,-52.0,s57,-56.0,4.894438216082891
0.0,29.0,20.0,s57,-51.0,s20,-54.0,s06,-57.0,14.923221448485608
0.0,29.0,20.0,s20,-47.0,s57,-49.0,s06,-55.0,14.123774970238376
0.0,29.0,20.0,s20,-46.0,s57,-47.0,s06,-50.0,10.559124313923856
0.0,29.0,20.0,s20,-37.0,s06,-45.0,s57,-53.0,12.403852079709528
0.0,29.0,20.0,s06,-45.0,s20,-47.0,s57,-55.0,5.263379769839945
0.0,29.0,20.0,s20,-50.0,s57,-54.0,s54,-55.0,185.21296403456967
0.0,29.0,20.0,s20,-47.0,s06,-49.0,s54,-55.0,13.697698938400315
0.0,29.0,20.0,s20,-46.0,s57,-58.0,s54,-60.0,27.849511973812863
0.0,29.0,20.0,s20,-36.0,s22,-58.0,s57,-59.0,9.837153843369357
0.0,29.0,20.0,s20,-40.0,s57,-51.0,s06,-54.0,12.434338975357532
0.0,29.0,20.0,s57,-55.0,s06,-57.0,s22,-60.0,3.1356737749479766
0.0,29.0,20.0,s20,-35.0,s06,-41.0,s57,-57.0,10.522250728865375
0.0,29.0,20.0,s06,-52.0,s57,-53.0,s36,-60.0,40.03272135238452
0.0,29.0,20.0,s20,-43.0,s54,-54.0,s06,-56.0,15.716268518047364
0.0,29.0,20.0,s06,-44.0,s57,-50.0,s20,-51.0,14.335149755353134
0.0,29.0,20.0,s57,-45.0,s20,-49.0,s22,-51.0,17.2340076538093
0.0,29.0,20.0,s20,-52.0,s54,-55.0,s31,-59.0,16.024005551247168
0.0,29.0,20.0,s20,-38.0,s06,-48.0,s57,-48.0,14.460890223192509
0.0,29.0,20.0,s20,-47.0,s57,-49.0,s06,-54.0,11.969960668211762
0.0,29.0,20.0,s20,-48.0,s06,-50.0,s57,-51.0,14.004803096050667
0.0,29.0,20.0,s06,-52.0,s57,-55.0,s20,-56.0,30.755538369453127
0.0,29.0,20.0,s57,-50.0,s06,-54.0,s20,-57.0,16.17136687958868
0.0,29.0,20.0,s06,-51.0,s57,-54.0,s54,-58.0,4.285206997380608
0.0,29.0,20.0,s20,-56.0,s31,-57.0,s22,-60.0,51.28635735171019
0.0,29.0,20.0,s20,-47.0,s57,-56.0,s06,-57.0,4.015430233928657
0.0,29.0,20.0,s20,-46.0,s54,-56.0,s57,-58.0,177.17298497505374
0.0,29.0,20.0,s20,-36.0,s57,-48.0,s06,-51.0,10.298579103094454
0.0,29.0,20.0,s20,-32.0,s22,-56.0,s54,-61.0,11.121088914597566
0.0,29.0,20.0,s20,-34.0,s06,-48.0,s57,-59.0,10.349481741639828
0.0,29.0,20.0,s57,-47.0,s06,-49.0,s54,-57.0,35.092521799063654
0.0,29.0,20.0,s20,-34.0,s06,-58.0,s57,-58.0,7.812889840635384
0.0,29.0,20.0,s20,-45.0,s57,-46.0,s06,-50.0,10.569924080110322
0.0,29.0,20.0,s20,-49.0,s06,-53.0,s57,-54.0,8.039025639998144
0.0,29.0,20.0,s20,-44.0,s06,-48.0,s57,-56.0,10.511102895026355
0.0,29.0,20.0,s20,-47.0,s06,-49.0,s57,-55.0,9.843644108948274
0.0,29.0,20.0,s06,-48.0,s57,-55.0,s54,-56.0,5.642289527723339
0.0,29.0,20.0,s57,-46.0,s06,-56.0,s20,-56.0,23.03506434528518
0.0,29.0,20.0,s57,-46.0,s20,-49.0,s06,-51.0,15.417904609323942
0.0,29.0,20.0,s20,-44.0,s57,-53.0,s54,-54.0,191.64933307898892
0.0,29.0,20.0,s20,-49.0,s06,-52.0,s57,-52.0,9.767565052116522
0.0,29.0,20.0,s20,-49.0,s06,-52.0,s57,-56.0,4.89914456496119
0.0,29.0,20.0,s20,-38.0,s06,-48.0,s57,-48.0,14.460890223192509
0.0,29.0,20.0,s20,-42.0,s06,-49.0,s57,-52.0,11.946408616730205
0.0,29.0,20.0,s20,-37.0,s54,-49.0,s57,-51.0,709.4796602646575
0.0,29.0,20.0,s06,-46.0,s57,-60.0,s22,-61.0,12.079792696361482
0.0,29.0,20.0,s20,-47.0,s57,-50.0,s06,-55.0,13.674496717122677
0.0,29.0,20.0,s20,-39.0,s06,-52.0,s57,-54.0,7.891866313051216
0.0,29.0,20.0,s20,-37.0,s06,-46.0,s57,-50.0,14.065513695370356
0.0,29.0,20.0,s57,-44.0,s06,-47.0,s20,-50.0,11.273771658226975
0.0,29.0,20.0,s06,-48.0,s57,-56.0,s22,-58.0,3.977925307096078
0.0,29.0,20.0,s06,-42.0,s20,-43.0,s57,-46.0,10.410349734338192
0.0,29.0,20.0,s20,-28.0,s57,-48.0,s06,-50.0,10.438987529049246
0.0,29.0,20.0,s20,-57.0,s22,-58.0,s57,-58.0,15.224378903790434
0.0,29.0,20.0,s57,-43.0,s20,-46.0,s06,-48.0,14.743440671762508
0.0,29.0,20.0,s57,-50.0,s20,-52.0,s06,-56.0,13.364546662194446
0.0,29.0,20.0,s06,-48.0,s57,-50.0,s54,-56.0,2.9877241254736733
0.0,29.0,20.0,s57,-52.0,s54,-53.0,s06,-55.0,10.782562653751302
0.0,29.0,20.0,s20,-37.0,s57,-49.0,s06,-57.0,14.495940913413515
0.0,29.0,20.0,s20,-40.0,s57,-48.0,s54,-56.0,172.2506920721506
0.0,29.0,20.0,s20,-42.0,s57,-49.0,s06,-57.0,14.495940913413515
0.0,29.0,20.0,s20,-36.0,s06,-51.0,s22,-55.0,11.223761510039703
0.0,29.0,20.0,s20,-45.0,s57,-45.0,s06,-51.0,10.499500334923107
0.0,29.0,20.0,s06,-49.0,s20,-55.0,s31,-57.0,29.054817248624406
0.0,29.0,20.0,s20,-33.0,s57,-49.0,s06,-51.0,10.017639016479016
0.0,29.0,20.0,s20,-38.0,s06,-51.0,s57,-53.0,12.229333211581915
0.0,29.0,20.0,s54,-53.0,s31,-55.0,s57,-57.0,17.746085691827062
0.0,29.0,20.0,s06,-50.0,s57,-51.0,s20,-55.0,24.367192205732866
0.0,29.0,20.0,s06,-41.0,s20,-44.0,s57,-52.0,7.778925805130247
0.0,29.0,20.0,s20,-44.0,s54,-48.0,s57,-54.0,613.5772631946601
0.0,29.0,20.0,s20,-44.0,s57,-44.0,s06,-51.0,10.499500334923107
0.0,29.0,20.0,s20,-40.0,s06,-53.0,s54,-53.0,15.916225544299387
0.0,29.0,20.0,s57,-56.0,s22,-57.0,s31,-60.0,10.239070538291497
0.0,29.0,20.0,s06,-52.0,s05,-61.0,s57,-61.0,41.541559092163354
0.0,29.0,20.0,s57,-41.0,s20,-56.0,s54,-61.0,997.6164903789866
0.0,29.0,20.0,s06,-53.0,s54,-53.0,s31,-59.0,11.978238384860989
0.0,29.0,20.0,s20,-29.0,s57,-45.0,s54,-61.0,159.20196767828932
0.0,29.0,20.0,s06,-48.0,s57,-50.0,s22,-55.0,9.704511494084226
0.0,29.0,20.0,s57,-45.0,s06,-52.0,s22,-54.0,11.98742126012405
0.0,29.0,20.0,s06,-54.0,s22,-60.0,s54,-60.0,3.969628519551187
0.0,29.0,20.0,s57,-45.0,s20,-54.0,s54,-59.0,694.2113659740273
0.0,29.0,20.0,s06,-51.0,s22,-61.0,s31,-61.0,56.42436047382733
0.0,29.0,20.0,s57,-51.0,s22,-54.0,s06,-55.0,14.177591587757004
0.0,29.0,20.0,s20,-45.0,s06,-49.0,s57,-52.0,11.946408616730205
0.0,29.0,20.0,s57,-45.0,s06,-48.0,s22,-61.0,5.132528634243697
0.0,29.0,20.0,s20,-48.0,s57,-52.0,s06,-55.0,11.389853801949616
0.0,29.0,20.0,s20,-46.0,s57,-49.0,s06,-55.0,14.16867382330083
0.0,29.0,20.0,s57,-48.0,s06,-51.0,s20,-52.0,13.234585235846383
0.0,29.0,20.0,s06,-40.0,s57,-43.0,s20,-47.0,15.088826539487284
0.0,29.0,20.0,s20,-49.0,s06,-50.0,s57,-50.0,13.732263484871655
0.0,29.0,20.0,s20,-40.0,s06,-51.0,s54,-53.0,15.29275178609626
0.0,29.0,20.0,s20,-47.0,s06,-51.0,s54,-57.0,13.584042976307868
0.0,29.0,20.0,s06,-48.0,s57,-49.0,s54,-60.0,1.341652173165506
0.0,29.0,20.0,s57,-52.0,s20,-53.0,s06,-54.0,11.447172406914254
0.0,29.0,20.0,s20,-46.0,s57,-48.0,s06,-53.0,11.513181346833493
0.0,29.0,20.0,s20,-42.0,s06,-54.0,s54,-57.0,14.44695703626369
0.0,29.0,20.0,s20,-44.0,s06,-46.0,s22,-55.0,11.264745401404499
0.0,29.0,20.0,s20,-51.0,s06,-52.0,s22,-59.0,3.5779160177646494
0.0,29.0,20.0,s20,-31.0,s57,-50.0,s06,-53.0,10.739738618427564
0.0,29.0,20.0,s57,-45.0,s20,-48.0,s06,-56.0,12.337248185093564
0.0,29.0,20.0,s20,-47.0,s57,-47.0,s31,-59.0,31.83579010376173
0.0,29.0,20.0,s20,-36.0,s57,-56.0,s05,-57.0,308.08292223702114
0.0,29.0,20.0,s20,-51.0,s06,-52.0,s54,-59.0,10.080604462384821
0.0,29.0,20.0,s20,-36.0,s06,-44.0,s57,-52.0,12.667146276444614
0.0,29.0,20.0,s20,-35.0,s06,-41.0,s57,-55.0,10.611967339444215
0.0,29.0,20.0,s57,-54.0,s20,-56.0,s54,-56.0,939.2473318088191
0.0,29.0,20.0,s06,-47.0,s20,-48.0,s22,-54.0,8.012479675361284
0.0,29.0,20.0,s06,-46.0,s20,-47.0,s54,-59.0,17.839129699157937
0.0,29.0,20.0,s20,-38.0,s06,-45.0,s57,-50.0,14.16792292926561
0.0,29.0,20.0,s20,-44.0,s54,-54.0,s22,-60.0,35.33732053109372
0.0,29.0,20.0,s20,-33.0,s06,-43.0,s22,-57.0,11.230224904988535
0.0,29.0,20.0,s20,-38.0,s06,-48.0,s57,-56.0,10.511102895026355
0.0,29.0,20.0,s20,-47.0,s57,-53.0,s06,-56.0,24.150866573920638
0.0,29.0,20.0,s06,-45.0,s20,-46.0,s22,-60.0,7.924724739740718
0.0,29.0,20.0,s57,-47.0,s22,-52.0,s06,-53.0,12.420458366066804
0.0,29.0,20.0,s20,-43.0,s06,-46.0,s57,-54.0,11.591495606946086
0.0,29.0,20.0,s20,-28.0,s06,-49.0,s54,-57.0,13.514440165329939
0.0,29.0,20.0,s20,-46.0,s06,-48.0,s57,-52.0,12.467794801943787
0.0,29.0,20.0,s20,-36.0,s06,-53.0,s54,-53.0,15.916225544299387
0.0,29.0,20.0,s06,-54.0,s22,-55.0,s54,-59.0,23.627945349526914
0.0,29.0,20.0,s06,-41.0,s57,-53.0,s54,-60.0,3.317603981514152
0.0,29.0,20.0,s20,-52.0,s54,-54.0,s31,-56.0,17.11914323209936
0.0,29.0,20.0,s20,-44.0,s06,-54.0,s22,-59.0,3.3539689665376495
0.0,29.0,20.0,s20,-32.0,s06,-47.0,s57,-57.0,10.266899343656766
0.0,29.0,20.0,s06,-43.0,s20,-44.0,s22,-52.0,9.213410524702903
0.0,29.0,20.0,s20,-40.0,s06,-54.0,s57,-57.0,4.725315490417403
0.0,29.0,20.0,s57,-50.0,s54,-53.0,s20,-55.0,295.29516344705877
0.0,29.0,20.0,s06,-52.0,s22,-57.0,s54,-57.0,24.633897760465327
0.0,29.0,20.0,s20,-35.0,s06,-50.0,s54,-52.0,15.569963522769571
0.0,29.0,20.0,s20,-28.0,s06,-45.0,s22,-58.0,11.032763424801887
0.0,29.0,20.0,s20,-46.0,s57,-51.0,s54,-57.0,206.98322771236928
0.0,29.0,20.0,s20,-42.0,s06,-47.0,s57,-53.0,12.197950146956847
0.0,29.0,20.0,s20,-39.0,s06,-42.0,s57,-50.0,14.16792292926561
0.0,29.0,20.0,s20,-46.0,s57,-53.0,s54,-57.0,182.08678917587756
0.0,29.0,20.0,s20,-46.0,s06,-54.0,s22,-58.0,1.7922461197707462
0.0,29.0,20.0,s57,-50.0,s22,-60.0,s06,-61.0,36.841876065233535
0.0,29.0,20.0,s20,-38.0,s57,-53.0,s54,-56.0,148.0624317820984
0.0,29.0,20.0,s06,-48.0,s20,-51.0,s57,-56.0,4.038934739453227
0.0,29.0,20.0,s20,-48.0,s57,-49.0,s54,-55.0,206.5671376966102
0.0,29.0,20.0,s20,-47.0,s57,-48.0,s06,-50.0,10.524957139552324
0.0,29.0,20.0,s06,-45.0,s57,-47.0,s20,-48.0,15.08436293788167
0.0,29.0,20.0,s20,-41.0,s57,-56.0,s05,-59.0,281.7694747668362
0.0,29.0,20.0,s06,-47.0,s57,-59.0,s54,-60.0,10.00560528298676
0.0,29.0,20.0,s20,-48.0,s54,-55.0,s57,-56.0,313.712105494461
0.0,29.0,20.0,s20,-47.0,s06,-48.0,s22,-59.0,9.850387778037248
0.0,29.0,20.0,s57,-47.0,s06,-49.0,s20,-52.0,13.22190530080454
0.0,29.0,20.0,s20,-44.0,s57,-48.0,s54,-49.0,233.83165774985767
0.0,29.0,20.0,s20,-44.0,s57,-48.0,s06,-56.0,26.765961711047122
0.0,29.0,20.0,s57,-48.0,s20,-50.0,s54,-54.0,687.0121566192977
0.0,29.0,20.0,s20,-51.0,s57,-55.0,s54,-57.0,158.35769285405976
0.0,29.0,20.0,s20,-51.0,s57,-52.0,s54,-53.0,200.96810372490066
0.0,29.0,20.0,s54,-55.0,s05,-59.0,s57,-61.0,2396.5060603252227
0.0,29.0,20.0,s20,-47.0,s57,-55.0,s06,-59.0,21.47913915472012
0.0,29.0,20.0,s20,-43.0,s06,-48.0,s57,-52.0,12.362114405711015
0.0,29.0,20.0,s20,-51.0,s54,-59.0,s57,-59.0,218.45318186795905
0.0,29.0,20.0,s57,-49.0,s20,-50.0,s06,-56.0,12.373482879628886
0.0,29.0,20.0,s06,-49.0,s54,-57.0,s57,-58.0,16.5172787243063
0.0,29.0,20.0,s57,-43.0,s06,-51.0,s20,-52.0,13.393221748143022
0.0,29.0,20.0,s20,-46.0,s06,-50.0,s54,-54.0,14.812236567089618
0.0,29.0,20.0,s20,-47.0,s06,-50.0,s54,-53.0,15.417032985591616
0.0,29.0,20.0,s20,-47.0,s57,-56.0,s54,-59.0,70.22160175759882
0.0,29.0,20.0,s20,-40.0,s57,-53.0,s54,-54.0,191.64933307898892
0.0,29.0,20.0,s20,-51.0,s06,-54.0,s31,-60.0,8.86601557916735
0.0,29.0,20.0,s20,-40.0,s57,-48.0,s06,-58.0,29.152490461798006
0.0,29.0,20.0,s20,-38.0,s57,-50.0,s54,-54.0,210.35747578392892
0.0,29.0,20.0,s20,-35.0,s06,-45.0,s31,-59.0,10.030901129802775
0.0,29.0,20.0,s06,-48.0,s57,-48.0,s20,-54.0,21.57426827682559
0.0,29.0,20.0,s57,-46.0,s06,-55.0,s20,-61.0,27.113737546696985
0.0,29.0,20.0,s57,-44.0,s20,-45.0,s54,-57.0,625.8134287838196
0.0,29.0,20.0,s57,-41.0,s20,-43.0,s06,-49.0,14.279919773082806
0.0,29.0,20.0,s20,-46.0,s06,-47.0,s57,-52.0,12.572326883971511
0.0,29.0,20.0,s20,-35.0,s57,-46.0,s06,-53.0,11.654304773004148
0.0,29.0,20.0,s20,-42.0,s57,-51.0,s06,-54.0,12.434338975357532
0.0,29.0,20.0,s20,-46.0,s57,-46.0,s06,-53.0,11.656243313424515
0.0,29.0,20.0,s20,-40.0,s06,-47.0,s57,-56.0,10.664481601490467
0.0,29.0,20.0,s57,-47.0,s20,-48.0,s06,-51.0,14.937184262848277
0.0,29.0,20.0,s57,-44.0,s20,-47.0,s06,-50.0,14.004455969370749
0.0,29.0,20.0,s20,-36.0,s57,-53.0,s06,-54.0,8.872169843480203
0.0,29.0,20.0,s06,-55.0,s22,-55.0,s05,-60.0,74.65571537812397
0.0,29.0,20.0,s20,-45.0,s06,-50.0,s54,-53.0,15.359447367899346
0.0,29.0,20.0,s20,-44.0,s06,-50.0,s57,-58.0,9.839823794512112
0.0,29.0,20.0,s20,-48.0,s57,-55.0,s06,-56.0,21.957076744571527
0.0,29.0,20.0,s20,-37.0,s06,-43.0,s54,-59.0,9.95891772487071
0.0,29.0,20.0,s20,-37.0,s57,-50.0,s06,-51.0,9.627675658215619
0.0,29.0,20.0,s57,-42.0,s06,-45.0,s22,-61.0,5.285319161103041
0.0,29.0,20.0,s06,-46.0,s20,-46.0,s57,-51.0,10.443897170314624
0.0,29.0,20.0,s57,-48.0,s06,-50.0,s20,-50.0,11.103460901656225
0.0,29.0,20.0,s20,-42.0,s57,-54.0,s06,-61.0,30.30686415436477
0.0,29.0,20.0,s57,-44.0,s06,-48.0,s22,-52.0,12.908066723446767
0.0,29.0,20.0,s20,-33.0,s06,-50.0,s57,-52.0,11.392267644363148
0.0,29.0,20.0,s57,-45.0,s06,-50.0,s31,-58.0,46.76591756304539
0.0,29.0,20.0,s20,-43.0,s06,-50.0,s22,-58.0,8.59470676999535
0.0,29.0,20.0,s20,-46.0,s57,-50.0,s54,-58.0,162.06779527211418
0.0,29.0,20.0,s06,-53.0,s20,-53.0,s31,-61.0,15.075144923889743
0.0,29.0,20.0,s20,-36.0,s06,-47.0,s57,-51.0,14.624478087498654
0.0,29.0,20.0,s20,-43.0,s57,-46.0,s22,-52.0,10.678154314195655
0.0,29.0,20.0,s20,-48.0,s57,-49.0,s06,-54.0,11.954207702860685
0.0,29.0,20.0,s20,-44.0,s06,-48.0,s57,-52.0,12.362114405711015
0.0,29.0,20.0,s20,-44.0,s06,-50.0,s54,-54.0,14.778440325854408
0.0,29.0,20.0,s57,-52.0,s20,-54.0,s54,-57.0,721.0615123056555
0.0,29.0,20.0,s06,-44.0,s20,-52.0,s57,-57.0,9.870819221135172
0.0,29.0,20.0,s06,-47.0,s20,-51.0,s57,-58.0,4.673838919678779
0.0,29.0,20.0,s57,-49.0,s06,-53.0,s31,-60.0,46.61829266528262
0.0,29.0,20.0,s57,-48.0,s31,-55.0,s06,-56.0,31.23188787269119
0.0,29.0,20.0,s06,-42.0,s57,-52.0,s54,-59.0,3.9276822843594537
0.0,29.0,20.0,s57,-46.0,s20,-48.0,s06,-55.0,10.737022173857627
0.0,29.0,20.0,s06,-45.0,s57,-45.0,s22,-59.0,25.449955774432404
0.0,29.0,20.0,s20,-35.0,s57,-47.0,s22,-61.0,31.70582392471753
0.0,29.0,20.0,s20,-35.0,s22,-56.0,s57,-58.0,16.844966442037713
0.0,29.0,20.0,s06,-45.0,s57,-46.0,s54,-59.0,2.843168670830955
0.0,29.0,20.0,s20,-42.0,s06,-50.0,s57,-57.0,8.869877400214877
0.0,29.0,20.0,s06,-42.0,s20,-48.0,s54,-57.0,22.136475072059575
0.0,29.0,20.0,s06,-52.0,s54,-55.0,s57,-56.0,21.770863462215228
0.0,29.0,20.0,s20,-44.0,s57,-46.0,s54,-58.0,167.57675379068039
0.0,29.0,20.0,s20,-37.0,s06,-49.0,s57,-53.0,11.665240196995729
0.0,29.0,20.0,s20,-43.0,s06,-47.0,s54,-53.0,15.293844670233675
0.0,29.0,20.0,s20,-51.0,s06,-53.0,s57,-53.0,8.684140054642786
0.0,29.0,20.0,s06,-48.0,s54,-53.0,s57,-55.0,28.76575359834441
0.0,29.0,20.0,s20,-46.0,s57,-49.0,s22,-57.0,12.480430169063663
0.0,29.0,20.0,s06,-50.0,s57,-52.0,s22,-57.0,7.095016635699827
0.0,29.0,20.0,s20,-36.0,s06,-45.0,s54,-55.0,13.615570031736075
0.0,29.0,20.0,s06,-50.0,s57,-50.0,s54,-52.0,7.582706282665959
0.0,29.0,20.0,s57,-43.0,s22,-52.0,s54,-60.0,6.710172194935464
0.0,29.0,20.0,s06,-49.0,s20,-51.0,s57,-56.0,3.857129310155804
0.0,29.0,20.0,s20,-46.0,s06,-55.0,s57,-57.0,4.590723444479388
0.0,29.0,20.0,s57,-45.0,s06,-46.0,s20,-49.0,10.90364094795911
0.0,29.0,20.0,s20,-48.0,s57,-51.0,s54,-55.0,209.56450605948126
0.0,29.0,20.0,s57,-46.0,s20,-52.0,s54,-58.0,616.9746977463709
0.0,29.0,20.0,s20,-36.0,s06,-43.0,s22,-59.0,10.287068620942248
0.0,29.0,20.0,s54,-54.0,s57,-54.0,s05,-60.0,705.0473256616575
0.0,29.0,20.0,s54,-53.0,s06,-54.0,s57,-59.0,10.847782584977972
0.0,29.0,20.0,s57,-44.0,s06,-49.0,s54,-58.0,28.220397894209214
0.0,29.0,20.0,s20,-38.0,s06,-46.0,s57,-55.0,10.467634142012763
0.0,29.0,20.0,s20,-49.0,s06,-52.0,s22,-53.0,13.20872775275841
0.0,29.0,20.0,s57,-45.0,s20,-50.0,s06,-55.0,11.499476767813043
0.0,29.0,20.0,s57,-43.0,s20,-58.0,s06,-59.0,25.269032563460495
0.0,29.0,20.0,s57,-45.0,s06,-47.0,s20,-51.0,10.590634577884035
0.0,29.0,20.0,s20,-46.0,s54,-54.0,s06,-58.0,15.969757386781657
0.0,29.0,20.0,s57,-56.0,s54,-57.0,s31,-58.0,10.940734556646941
0.0,29.0,20.0,s20,-45.0,s06,-51.0,s57,-52.0,12.496746334931997
0.0,29.0,20.0,s20,-47.0,s57,-50.0,s06,-52.0,10.52474488542917
0.0,29.0,20.0,s20,-37.0,s06,-48.0,s57,-50.0,13.897131659993505
0.0,29.0,20.0,s20,-44.0,s57,-54.0,s54,-56.0,139.85247122728705
0.0,29.0,20.0,s57,-42.0,s20,-50.0,s22,-54.0,12.49740536481909
0.0,29.0,20.0,s20,-49.0,s57,-50.0,s22,-52.0,10.102415469599281
0.0,29.0,20.0,s57,-44.0,s20,-56.0,s06,-59.0,23.55028941985884
0.0,29.0,20.0,s22,-58.0,s54,-59.0,s06,-61.0,39.75621448851161
0.0,29.0,20.0,s20,-35.0,s06,-44.0,s22,-55.0,11.351871090750405
0.0,29.0,20.0,s57,-52.0,s22,-57.0,s06,-59.0,18.95884182644038
0.0,29.0,20.0,s06,-50.0,s57,-55.0,s31,-60.0,6.915897314028937
0.0,29.0,20.0,s57,-43.0,s20,-55.0,s22,-58.0,18.38210122130198
0.0,29.0,20.0,s20,-49.0,s57,-49.0,s06,-58.0,28.101755242871658
0.0,29.0,20.0,s20,-41.0,s06,-44.0,s57,-56.0,10.957675996818185
0.0,29.0,20.0,s06,-43.0,s20,-44.0,s57,-53.0,7.4481333909419325
0.0,29.0,20.0,s20,-43.0,s57,-48.0,s06,-60.0,40.180133442756826
0.0,29.0,20.0,s20,-40.0,s57,-48.0,s06,-51.0,10.298579103094454
0.0,29.0,20.0,s57,-48.0,s20,-52.0,s06,-54.0,14.367458000900985
0.0,29.0,20.0,s20,-42.0,s06,-47.0,s57,-51.0,14.624478087498654
0.0,29.0,20.0,s20,-38.0,s57,-47.0,s06,-48.0,10.379528587370235
0.0,29.0,20.0,s20,-39.0,s57,-51.0,s06,-57.0,14.911672104746108
0.0,29.0,20.0,s57,-43.0,s20,-47.0,s06,-52.0,12.143750609595182
0.0,29.0,20.0,s06,-47.0,s20,-52.0,s22,-57.0,9.692623828180155
0.0,29.0,20.0,s57,-43.0,s06,-53.0,s54,-53.0,43.92416299513312
0.0,29.0,20.0,s20,-44.0,s06,-53.0,s22,-59.0,3.4162509126586995
0.0,29.0,20.0,s20,-51.0,s06,-52.0,s22,-60.0,7.748047281701456
0.0,29.0,20.0,s20,-41.0,s57,-57.0,s54,-59.0,123.63230926814151
0.0,29.0,20.0,s20,-42.0,s57,-45.0,s22,-53.0,10.930345458555845
